period,duoarea,area-name,product,product-name,process,process-name,series,series-description,value,units
2000-05,NUS-Z00,U.S.,EPG0,Natural Gas,EEX,Exports,N9130US2,U.S. Natural Gas Exports (MMcf),19810,MMCF
2000-05,NUS-Z00,U.S.,EPG0,Natural Gas,IM0,Imports,N9100US2,U.S. Natural Gas Imports (MMcf),287793,MMCF
2000-05,NUS-Z00,U.S.,EPG0,Natural Gas,PM0,Imports Price,N9100US3,Price of U.S. Natural Gas Imports (Dollars per Thousand Cubic Feet),3.05,$/MCF
2000-05,NUS-Z00,U.S.,EPG0,Natural Gas,PEX,Exports (Price),N9130US3,Price of U.S. Natural Gas Exports (Dollars per Thousand Cubic Feet),3.52,$/MCF
2000-04,NUS-Z00,U.S.,EPG0,Natural Gas,EEX,Exports,N9130US2,U.S. Natural Gas Exports (MMcf),17015,MMCF
2000-04,NUS-Z00,U.S.,EPG0,Natural Gas,PM0,Imports Price,N9100US3,Price of U.S. Natural Gas Imports (Dollars per Thousand Cubic Feet),2.86,$/MCF
2000-04,NUS-Z00,U.S.,EPG0,Natural Gas,IM0,Imports,N9100US2,U.S. Natural Gas Imports (MMcf),294016,MMCF
2000-04,NUS-Z00,U.S.,EPG0,Natural Gas,PEX,Exports (Price),N9130US3,Price of U.S. Natural Gas Exports (Dollars per Thousand Cubic Feet),3.37,$/MCF
2000-03,NUS-Z00,U.S.,EPG0,Natural Gas,IM0,Imports,N9100US2,U.S. Natural Gas Imports (MMcf),306596,MMCF
2000-03,NUS-Z00,U.S.,EPG0,Natural Gas,PM0,Imports Price,N9100US3,Price of U.S. Natural Gas Imports (Dollars per Thousand Cubic Feet),2.61,$/MCF
2000-03,NUS-Z00,U.S.,EPG0,Natural Gas,PEX,Exports (Price),N9130US3,Price of U.S. Natural Gas Exports (Dollars per Thousand Cubic Feet),3,$/MCF
2000-03,NUS-Z00,U.S.,EPG0,Natural Gas,EEX,Exports,N9130US2,U.S. Natural Gas Exports (MMcf),20505,MMCF
2000-02,NUS-Z00,U.S.,EPG0,Natural Gas,PEX,Exports (Price),N9130US3,Price of U.S. Natural Gas Exports (Dollars per Thousand Cubic Feet),3.05,$/MCF
2000-02,NUS-Z00,U.S.,EPG0,Natural Gas,PM0,Imports Price,N9100US3,Price of U.S. Natural Gas Imports (Dollars per Thousand Cubic Feet),2.6,$/MCF
2000-02,NUS-Z00,U.S.,EPG0,Natural Gas,EEX,Exports,N9130US2,U.S. Natural Gas Exports (MMcf),21015,MMCF
2000-02,NUS-Z00,U.S.,EPG0,Natural Gas,IM0,Imports,N9100US2,U.S. Natural Gas Imports (MMcf),300107,MMCF
2000-01,NUS-Z00,U.S.,EPG0,Natural Gas,IM0,Imports,N9100US2,U.S. Natural Gas Imports (MMcf),325897,MMCF
2000-01,NUS-Z00,U.S.,EPG0,Natural Gas,EEX,Exports,N9130US2,U.S. Natural Gas Exports (MMcf),17776,MMCF
2000-01,NUS-Z00,U.S.,EPG0,Natural Gas,PEX,Exports (Price),N9130US3,Price of U.S. Natural Gas Exports (Dollars per Thousand Cubic Feet),2.95,$/MCF
2000-01,NUS-Z00,U.S.,EPG0,Natural Gas,PM0,Imports Price,N9100US3,Price of U.S. Natural Gas Imports (Dollars per Thousand Cubic Feet),2.44,$/MCF
2000-11,NUS-Z00,U.S.,EPG0,Natural Gas,PM0,Imports Price,N9100US3,Price of U.S. Natural Gas Imports (Dollars per Thousand Cubic Feet),4.86,$/MCF
2000-11,NUS-Z00,U.S.,EPG0,Natural Gas,IM0,Imports,N9100US2,U.S. Natural Gas Imports (MMcf),329759,MMCF
2000-11,NUS-Z00,U.S.,EPG0,Natural Gas,PEX,Exports (Price),N9130US3,Price of U.S. Natural Gas Exports (Dollars per Thousand Cubic Feet),4.39,$/MCF
2000-11,NUS-Z00,U.S.,EPG0,Natural Gas,EEX,Exports,N9130US2,U.S. Natural Gas Exports (MMcf),24767,MMCF
2000-10,NUS-Z00,U.S.,EPG0,Natural Gas,IM0,Imports,N9100US2,U.S. Natural Gas Imports (MMcf),324527,MMCF
2000-10,NUS-Z00,U.S.,EPG0,Natural Gas,EEX,Exports,N9130US2,U.S. Natural Gas Exports (MMcf),23070,MMCF
2000-10,NUS-Z00,U.S.,EPG0,Natural Gas,PM0,Imports Price,N9100US3,Price of U.S. Natural Gas Imports (Dollars per Thousand Cubic Feet),5.16,$/MCF
2000-10,NUS-Z00,U.S.,EPG0,Natural Gas,PEX,Exports (Price),N9130US3,Price of U.S. Natural Gas Exports (Dollars per Thousand Cubic Feet),5.04,$/MCF
2000-09,NUS-Z00,U.S.,EPG0,Natural Gas,IM0,Imports,N9100US2,U.S. Natural Gas Imports (MMcf),304843,MMCF
2000-09,NUS-Z00,U.S.,EPG0,Natural Gas,PM0,Imports Price,N9100US3,Price of U.S. Natural Gas Imports (Dollars per Thousand Cubic Feet),4.15,$/MCF
2000-09,NUS-Z00,U.S.,EPG0,Natural Gas,PEX,Exports (Price),N9130US3,Price of U.S. Natural Gas Exports (Dollars per Thousand Cubic Feet),4.81,$/MCF
2000-09,NUS-Z00,U.S.,EPG0,Natural Gas,EEX,Exports,N9130US2,U.S. Natural Gas Exports (MMcf),20568,MMCF
2000-08,NUS-Z00,U.S.,EPG0,Natural Gas,EEX,Exports,N9130US2,U.S. Natural Gas Exports (MMcf),20775,MMCF
2000-08,NUS-Z00,U.S.,EPG0,Natural Gas,PM0,Imports Price,N9100US3,Price of U.S. Natural Gas Imports (Dollars per Thousand Cubic Feet),3.62,$/MCF
2000-08,NUS-Z00,U.S.,EPG0,Natural Gas,IM0,Imports,N9100US2,U.S. Natural Gas Imports (MMcf),318308,MMCF
2000-08,NUS-Z00,U.S.,EPG0,Natural Gas,PEX,Exports (Price),N9130US3,Price of U.S. Natural Gas Exports (Dollars per Thousand Cubic Feet),4.13,$/MCF
2000-07,NUS-Z00,U.S.,EPG0,Natural Gas,PM0,Imports Price,N9100US3,Price of U.S. Natural Gas Imports (Dollars per Thousand Cubic Feet),3.94,$/MCF
2000-07,NUS-Z00,U.S.,EPG0,Natural Gas,EEX,Exports,N9130US2,U.S. Natural Gas Exports (MMcf),19546,MMCF
2000-07,NUS-Z00,U.S.,EPG0,Natural Gas,PEX,Exports (Price),N9130US3,Price of U.S. Natural Gas Exports (Dollars per Thousand Cubic Feet),4.45,$/MCF
2000-07,NUS-Z00,U.S.,EPG0,Natural Gas,IM0,Imports,N9100US2,U.S. Natural Gas Imports (MMcf),322285,MMCF
2001-05,NUS-Z00,U.S.,EPG0,Natural Gas,IM0,Imports,N9100US2,U.S. Natural Gas Imports (MMcf),321878,MMCF
2001-05,NUS-Z00,U.S.,EPG0,Natural Gas,PM0,Imports Price,N9100US3,Price of U.S. Natural Gas Imports (Dollars per Thousand Cubic Feet),4.95,$/MCF
2001-05,NUS-Z00,U.S.,EPG0,Natural Gas,EEX,Exports,N9130US2,U.S. Natural Gas Exports (MMcf),28981,MMCF
2001-05,NUS-Z00,U.S.,EPG0,Natural Gas,PEX,Exports (Price),N9130US3,Price of U.S. Natural Gas Exports (Dollars per Thousand Cubic Feet),5.5,$/MCF
2001-04,NUS-Z00,U.S.,EPG0,Natural Gas,EEX,Exports,N9130US2,U.S. Natural Gas Exports (MMcf),23637,MMCF
2001-04,NUS-Z00,U.S.,EPG0,Natural Gas,PEX,Exports (Price),N9130US3,Price of U.S. Natural Gas Exports (Dollars per Thousand Cubic Feet),5.65,$/MCF
2001-04,NUS-Z00,U.S.,EPG0,Natural Gas,PM0,Imports Price,N9100US3,Price of U.S. Natural Gas Imports (Dollars per Thousand Cubic Feet),5.35,$/MCF
2001-04,NUS-Z00,U.S.,EPG0,Natural Gas,IM0,Imports,N9100US2,U.S. Natural Gas Imports (MMcf),318573,MMCF
2001-03,NUS-Z00,U.S.,EPG0,Natural Gas,PEX,Exports (Price),N9130US3,Price of U.S. Natural Gas Exports (Dollars per Thousand Cubic Feet),4.93,$/MCF
2001-03,NUS-Z00,U.S.,EPG0,Natural Gas,IM0,Imports,N9100US2,U.S. Natural Gas Imports (MMcf),358103,MMCF
2001-03,NUS-Z00,U.S.,EPG0,Natural Gas,EEX,Exports,N9130US2,U.S. Natural Gas Exports (MMcf),32121,MMCF
2001-03,NUS-Z00,U.S.,EPG0,Natural Gas,PM0,Imports Price,N9100US3,Price of U.S. Natural Gas Imports (Dollars per Thousand Cubic Feet),5.42,$/MCF
2001-02,NUS-Z00,U.S.,EPG0,Natural Gas,IM0,Imports,N9100US2,U.S. Natural Gas Imports (MMcf),328289,MMCF
2001-02,NUS-Z00,U.S.,EPG0,Natural Gas,PEX,Exports (Price),N9130US3,Price of U.S. Natural Gas Exports (Dollars per Thousand Cubic Feet),5.8,$/MCF
2001-02,NUS-Z00,U.S.,EPG0,Natural Gas,PM0,Imports Price,N9100US3,Price of U.S. Natural Gas Imports (Dollars per Thousand Cubic Feet),6.45,$/MCF
2001-02,NUS-Z00,U.S.,EPG0,Natural Gas,EEX,Exports,N9130US2,U.S. Natural Gas Exports (MMcf),26882,MMCF
2001-01,NUS-Z00,U.S.,EPG0,Natural Gas,PEX,Exports (Price),N9130US3,Price of U.S. Natural Gas Exports (Dollars per Thousand Cubic Feet),7.48,$/MCF
2001-01,NUS-Z00,U.S.,EPG0,Natural Gas,PM0,Imports Price,N9100US3,Price of U.S. Natural Gas Imports (Dollars per Thousand Cubic Feet),9.47,$/MCF
2001-01,NUS-Z00,U.S.,EPG0,Natural Gas,IM0,Imports,N9100US2,U.S. Natural Gas Imports (MMcf),373077,MMCF
2001-01,NUS-Z00,U.S.,EPG0,Natural Gas,EEX,Exports,N9130US2,U.S. Natural Gas Exports (MMcf),25547,MMCF
2001-11,NUS-Z00,U.S.,EPG0,Natural Gas,EEX,Exports,N9130US2,U.S. Natural Gas Exports (MMcf),41840,MMCF
2001-11,NUS-Z00,U.S.,EPG0,Natural Gas,PM0,Imports Price,N9100US3,Price of U.S. Natural Gas Imports (Dollars per Thousand Cubic Feet),2.95,$/MCF
2001-11,NUS-Z00,U.S.,EPG0,Natural Gas,PEX,Exports (Price),N9130US3,Price of U.S. Natural Gas Exports (Dollars per Thousand Cubic Feet),3.21,$/MCF
2001-11,NUS-Z00,U.S.,EPG0,Natural Gas,IM0,Imports,N9100US2,U.S. Natural Gas Imports (MMcf),291044,MMCF
2001-10,NUS-Z00,U.S.,EPG0,Natural Gas,EEX,Exports,N9130US2,U.S. Natural Gas Exports (MMcf),34452,MMCF
2001-10,NUS-Z00,U.S.,EPG0,Natural Gas,IM0,Imports,N9100US2,U.S. Natural Gas Imports (MMcf),326114,MMCF
2001-10,NUS-Z00,U.S.,EPG0,Natural Gas,PEX,Exports (Price),N9130US3,Price of U.S. Natural Gas Exports (Dollars per Thousand Cubic Feet),2.74,$/MCF
2001-10,NUS-Z00,U.S.,EPG0,Natural Gas,PM0,Imports Price,N9100US3,Price of U.S. Natural Gas Imports (Dollars per Thousand Cubic Feet),2.14,$/MCF
2001-09,NUS-Z00,U.S.,EPG0,Natural Gas,PM0,Imports Price,N9100US3,Price of U.S. Natural Gas Imports (Dollars per Thousand Cubic Feet),2.63,$/MCF
2001-09,NUS-Z00,U.S.,EPG0,Natural Gas,PEX,Exports (Price),N9130US3,Price of U.S. Natural Gas Exports (Dollars per Thousand Cubic Feet),2.79,$/MCF
2001-09,NUS-Z00,U.S.,EPG0,Natural Gas,EEX,Exports,N9130US2,U.S. Natural Gas Exports (MMcf),33517,MMCF
2001-09,NUS-Z00,U.S.,EPG0,Natural Gas,IM0,Imports,N9100US2,U.S. Natural Gas Imports (MMcf),314864,MMCF
2001-08,NUS-Z00,U.S.,EPG0,Natural Gas,IM0,Imports,N9100US2,U.S. Natural Gas Imports (MMcf),353338,MMCF
2001-08,NUS-Z00,U.S.,EPG0,Natural Gas,PM0,Imports Price,N9100US3,Price of U.S. Natural Gas Imports (Dollars per Thousand Cubic Feet),3.14,$/MCF
2001-08,NUS-Z00,U.S.,EPG0,Natural Gas,PEX,Exports (Price),N9130US3,Price of U.S. Natural Gas Exports (Dollars per Thousand Cubic Feet),3.48,$/MCF
2001-08,NUS-Z00,U.S.,EPG0,Natural Gas,EEX,Exports,N9130US2,U.S. Natural Gas Exports (MMcf),28965,MMCF
2001-07,NUS-Z00,U.S.,EPG0,Natural Gas,EEX,Exports,N9130US2,U.S. Natural Gas Exports (MMcf),31219,MMCF
2001-07,NUS-Z00,U.S.,EPG0,Natural Gas,PEX,Exports (Price),N9130US3,Price of U.S. Natural Gas Exports (Dollars per Thousand Cubic Feet),3.62,$/MCF
2001-07,NUS-Z00,U.S.,EPG0,Natural Gas,PM0,Imports Price,N9100US3,Price of U.S. Natural Gas Imports (Dollars per Thousand Cubic Feet),3.17,$/MCF
2001-07,NUS-Z00,U.S.,EPG0,Natural Gas,IM0,Imports,N9100US2,U.S. Natural Gas Imports (MMcf),364571,MMCF
2002-05,NUS-Z00,U.S.,EPG0,Natural Gas,PEX,Exports (Price),N9130US3,Price of U.S. Natural Gas Exports (Dollars per Thousand Cubic Feet),3.32,$/MCF
2002-05,NUS-Z00,U.S.,EPG0,Natural Gas,IM0,Imports,N9100US2,U.S. Natural Gas Imports (MMcf),319404,MMCF
2002-05,NUS-Z00,U.S.,EPG0,Natural Gas,PM0,Imports Price,N9100US3,Price of U.S. Natural Gas Imports (Dollars per Thousand Cubic Feet),3.25,$/MCF
2002-05,NUS-Z00,U.S.,EPG0,Natural Gas,EEX,Exports,N9130US2,U.S. Natural Gas Exports (MMcf),39459,MMCF
2002-04,NUS-Z00,U.S.,EPG0,Natural Gas,PEX,Exports (Price),N9130US3,Price of U.S. Natural Gas Exports (Dollars per Thousand Cubic Feet),3.51,$/MCF
2002-04,NUS-Z00,U.S.,EPG0,Natural Gas,EEX,Exports,N9130US2,U.S. Natural Gas Exports (MMcf),39194,MMCF
2002-04,NUS-Z00,U.S.,EPG0,Natural Gas,PM0,Imports Price,N9100US3,Price of U.S. Natural Gas Imports (Dollars per Thousand Cubic Feet),3.27,$/MCF
2002-04,NUS-Z00,U.S.,EPG0,Natural Gas,IM0,Imports,N9100US2,U.S. Natural Gas Imports (MMcf),315116,MMCF
2002-03,NUS-Z00,U.S.,EPG0,Natural Gas,PEX,Exports (Price),N9130US3,Price of U.S. Natural Gas Exports (Dollars per Thousand Cubic Feet),2.75,$/MCF
2002-03,NUS-Z00,U.S.,EPG0,Natural Gas,IM0,Imports,N9100US2,U.S. Natural Gas Imports (MMcf),332596,MMCF
2002-03,NUS-Z00,U.S.,EPG0,Natural Gas,PM0,Imports Price,N9100US3,Price of U.S. Natural Gas Imports (Dollars per Thousand Cubic Feet),2.61,$/MCF
2002-03,NUS-Z00,U.S.,EPG0,Natural Gas,EEX,Exports,N9130US2,U.S. Natural Gas Exports (MMcf),38141,MMCF
2002-02,NUS-Z00,U.S.,EPG0,Natural Gas,PEX,Exports (Price),N9130US3,Price of U.S. Natural Gas Exports (Dollars per Thousand Cubic Feet),2.42,$/MCF
2002-02,NUS-Z00,U.S.,EPG0,Natural Gas,IM0,Imports,N9100US2,U.S. Natural Gas Imports (MMcf),305917,MMCF
2002-02,NUS-Z00,U.S.,EPG0,Natural Gas,PM0,Imports Price,N9100US3,Price of U.S. Natural Gas Imports (Dollars per Thousand Cubic Feet),2.32,$/MCF
2002-02,NUS-Z00,U.S.,EPG0,Natural Gas,EEX,Exports,N9130US2,U.S. Natural Gas Exports (MMcf),30383,MMCF
2002-01,NUS-Z00,U.S.,EPG0,Natural Gas,PEX,Exports (Price),N9130US3,Price of U.S. Natural Gas Exports (Dollars per Thousand Cubic Feet),2.9,$/MCF
2002-01,NUS-Z00,U.S.,EPG0,Natural Gas,PM0,Imports Price,N9100US3,Price of U.S. Natural Gas Imports (Dollars per Thousand Cubic Feet),2.73,$/MCF
2002-01,NUS-Z00,U.S.,EPG0,Natural Gas,IM0,Imports,N9100US2,U.S. Natural Gas Imports (MMcf),343481,MMCF
2002-01,NUS-Z00,U.S.,EPG0,Natural Gas,EEX,Exports,N9130US2,U.S. Natural Gas Exports (MMcf),34491,MMCF
2002-11,NUS-Z00,U.S.,EPG0,Natural Gas,EEX,Exports,N9130US2,U.S. Natural Gas Exports (MMcf),54589,MMCF
2002-11,NUS-Z00,U.S.,EPG0,Natural Gas,PM0,Imports Price,N9100US3,Price of U.S. Natural Gas Imports (Dollars per Thousand Cubic Feet),4.04,$/MCF
2002-11,NUS-Z00,U.S.,EPG0,Natural Gas,PEX,Exports (Price),N9130US3,Price of U.S. Natural Gas Exports (Dollars per Thousand Cubic Feet),4.21,$/MCF
2002-11,NUS-Z00,U.S.,EPG0,Natural Gas,IM0,Imports,N9100US2,U.S. Natural Gas Imports (MMcf),330544,MMCF
2002-10,NUS-Z00,U.S.,EPG0,Natural Gas,PM0,Imports Price,N9100US3,Price of U.S. Natural Gas Imports (Dollars per Thousand Cubic Feet),3.56,$/MCF
2002-10,NUS-Z00,U.S.,EPG0,Natural Gas,EEX,Exports,N9130US2,U.S. Natural Gas Exports (MMcf),42109,MMCF
2002-10,NUS-Z00,U.S.,EPG0,Natural Gas,PEX,Exports (Price),N9130US3,Price of U.S. Natural Gas Exports (Dollars per Thousand Cubic Feet),3.72,$/MCF
2002-10,NUS-Z00,U.S.,EPG0,Natural Gas,IM0,Imports,N9100US2,U.S. Natural Gas Imports (MMcf),343427,MMCF
2002-09,NUS-Z00,U.S.,EPG0,Natural Gas,IM0,Imports,N9100US2,U.S. Natural Gas Imports (MMcf),335594,MMCF
2002-09,NUS-Z00,U.S.,EPG0,Natural Gas,PM0,Imports Price,N9100US3,Price of U.S. Natural Gas Imports (Dollars per Thousand Cubic Feet),3.06,$/MCF
2002-09,NUS-Z00,U.S.,EPG0,Natural Gas,PEX,Exports (Price),N9130US3,Price of U.S. Natural Gas Exports (Dollars per Thousand Cubic Feet),3.37,$/MCF
2002-09,NUS-Z00,U.S.,EPG0,Natural Gas,EEX,Exports,N9130US2,U.S. Natural Gas Exports (MMcf),46563,MMCF
2002-08,NUS-Z00,U.S.,EPG0,Natural Gas,IM0,Imports,N9100US2,U.S. Natural Gas Imports (MMcf),356013,MMCF
2002-08,NUS-Z00,U.S.,EPG0,Natural Gas,PEX,Exports (Price),N9130US3,Price of U.S. Natural Gas Exports (Dollars per Thousand Cubic Feet),2.99,$/MCF
2002-08,NUS-Z00,U.S.,EPG0,Natural Gas,PM0,Imports Price,N9100US3,Price of U.S. Natural Gas Imports (Dollars per Thousand Cubic Feet),2.7,$/MCF
2002-08,NUS-Z00,U.S.,EPG0,Natural Gas,EEX,Exports,N9130US2,U.S. Natural Gas Exports (MMcf),46511,MMCF
2002-07,NUS-Z00,U.S.,EPG0,Natural Gas,EEX,Exports,N9130US2,U.S. Natural Gas Exports (MMcf),45032,MMCF
2002-07,NUS-Z00,U.S.,EPG0,Natural Gas,IM0,Imports,N9100US2,U.S. Natural Gas Imports (MMcf),344641,MMCF
2002-07,NUS-Z00,U.S.,EPG0,Natural Gas,PEX,Exports (Price),N9130US3,Price of U.S. Natural Gas Exports (Dollars per Thousand Cubic Feet),3.31,$/MCF
2002-07,NUS-Z00,U.S.,EPG0,Natural Gas,PM0,Imports Price,N9100US3,Price of U.S. Natural Gas Imports (Dollars per Thousand Cubic Feet),2.84,$/MCF
2003-05,NUS-Z00,U.S.,EPG0,Natural Gas,EEX,Exports,N9130US2,U.S. Natural Gas Exports (MMcf),48519,MMCF
2003-05,NUS-Z00,U.S.,EPG0,Natural Gas,PEX,Exports (Price),N9130US3,Price of U.S. Natural Gas Exports (Dollars per Thousand Cubic Feet),5.51,$/MCF
2003-05,NUS-Z00,U.S.,EPG0,Natural Gas,PM0,Imports Price,N9100US3,Price of U.S. Natural Gas Imports (Dollars per Thousand Cubic Feet),5.04,$/MCF
2003-05,NUS-Z00,U.S.,EPG0,Natural Gas,IM0,Imports,N9100US2,U.S. Natural Gas Imports (MMcf),325157,MMCF
2003-04,NUS-Z00,U.S.,EPG0,Natural Gas,PM0,Imports Price,N9100US3,Price of U.S. Natural Gas Imports (Dollars per Thousand Cubic Feet),5,$/MCF
2003-04,NUS-Z00,U.S.,EPG0,Natural Gas,IM0,Imports,N9100US2,U.S. Natural Gas Imports (MMcf),314655,MMCF
2003-04,NUS-Z00,U.S.,EPG0,Natural Gas,PEX,Exports (Price),N9130US3,Price of U.S. Natural Gas Exports (Dollars per Thousand Cubic Feet),5.22,$/MCF
2003-04,NUS-Z00,U.S.,EPG0,Natural Gas,EEX,Exports,N9130US2,U.S. Natural Gas Exports (MMcf),48831,MMCF
2003-03,NUS-Z00,U.S.,EPG0,Natural Gas,IM0,Imports,N9100US2,U.S. Natural Gas Imports (MMcf),324364,MMCF
2003-03,NUS-Z00,U.S.,EPG0,Natural Gas,EEX,Exports,N9130US2,U.S. Natural Gas Exports (MMcf),51851,MMCF
2003-03,NUS-Z00,U.S.,EPG0,Natural Gas,PM0,Imports Price,N9100US3,Price of U.S. Natural Gas Imports (Dollars per Thousand Cubic Feet),7.61,$/MCF
2003-03,NUS-Z00,U.S.,EPG0,Natural Gas,PEX,Exports (Price),N9130US3,Price of U.S. Natural Gas Exports (Dollars per Thousand Cubic Feet),8.47,$/MCF
2003-02,NUS-Z00,U.S.,EPG0,Natural Gas,PM0,Imports Price,N9100US3,Price of U.S. Natural Gas Imports (Dollars per Thousand Cubic Feet),5.71,$/MCF
2003-02,NUS-Z00,U.S.,EPG0,Natural Gas,IM0,Imports,N9100US2,U.S. Natural Gas Imports (MMcf),308804,MMCF
2003-02,NUS-Z00,U.S.,EPG0,Natural Gas,EEX,Exports,N9130US2,U.S. Natural Gas Exports (MMcf),56393,MMCF
2003-02,NUS-Z00,U.S.,EPG0,Natural Gas,PEX,Exports (Price),N9130US3,Price of U.S. Natural Gas Exports (Dollars per Thousand Cubic Feet),6.46,$/MCF
2003-01,NUS-Z00,U.S.,EPG0,Natural Gas,PEX,Exports (Price),N9130US3,Price of U.S. Natural Gas Exports (Dollars per Thousand Cubic Feet),5.61,$/MCF
2003-01,NUS-Z00,U.S.,EPG0,Natural Gas,EEX,Exports,N9130US2,U.S. Natural Gas Exports (MMcf),58449,MMCF
2003-01,NUS-Z00,U.S.,EPG0,Natural Gas,IM0,Imports,N9100US2,U.S. Natural Gas Imports (MMcf),359168,MMCF
2003-01,NUS-Z00,U.S.,EPG0,Natural Gas,PM0,Imports Price,N9100US3,Price of U.S. Natural Gas Imports (Dollars per Thousand Cubic Feet),4.89,$/MCF
2003-11,NUS-Z00,U.S.,EPG0,Natural Gas,PM0,Imports Price,N9100US3,Price of U.S. Natural Gas Imports (Dollars per Thousand Cubic Feet),4.51,$/MCF
2003-11,NUS-Z00,U.S.,EPG0,Natural Gas,PEX,Exports (Price),N9130US3,Price of U.S. Natural Gas Exports (Dollars per Thousand Cubic Feet),4.67,$/MCF
2003-11,NUS-Z00,U.S.,EPG0,Natural Gas,IM0,Imports,N9100US2,U.S. Natural Gas Imports (MMcf),316721,MMCF
2003-11,NUS-Z00,U.S.,EPG0,Natural Gas,EEX,Exports,N9130US2,U.S. Natural Gas Exports (MMcf),71867,MMCF
2003-10,NUS-Z00,U.S.,EPG0,Natural Gas,EEX,Exports,N9130US2,U.S. Natural Gas Exports (MMcf),62314,MMCF
2003-10,NUS-Z00,U.S.,EPG0,Natural Gas,IM0,Imports,N9100US2,U.S. Natural Gas Imports (MMcf),331005,MMCF
2003-10,NUS-Z00,U.S.,EPG0,Natural Gas,PM0,Imports Price,N9100US3,Price of U.S. Natural Gas Imports (Dollars per Thousand Cubic Feet),4.48,$/MCF
2003-10,NUS-Z00,U.S.,EPG0,Natural Gas,PEX,Exports (Price),N9130US3,Price of U.S. Natural Gas Exports (Dollars per Thousand Cubic Feet),4.63,$/MCF
2003-09,NUS-Z00,U.S.,EPG0,Natural Gas,PEX,Exports (Price),N9130US3,Price of U.S. Natural Gas Exports (Dollars per Thousand Cubic Feet),4.95,$/MCF
2003-09,NUS-Z00,U.S.,EPG0,Natural Gas,PM0,Imports Price,N9100US3,Price of U.S. Natural Gas Imports (Dollars per Thousand Cubic Feet),4.67,$/MCF
2003-09,NUS-Z00,U.S.,EPG0,Natural Gas,IM0,Imports,N9100US2,U.S. Natural Gas Imports (MMcf),320676,MMCF
2003-09,NUS-Z00,U.S.,EPG0,Natural Gas,EEX,Exports,N9130US2,U.S. Natural Gas Exports (MMcf),53337,MMCF
2003-08,NUS-Z00,U.S.,EPG0,Natural Gas,IM0,Imports,N9100US2,U.S. Natural Gas Imports (MMcf),331628,MMCF
2003-08,NUS-Z00,U.S.,EPG0,Natural Gas,PM0,Imports Price,N9100US3,Price of U.S. Natural Gas Imports (Dollars per Thousand Cubic Feet),4.54,$/MCF
2003-08,NUS-Z00,U.S.,EPG0,Natural Gas,EEX,Exports,N9130US2,U.S. Natural Gas Exports (MMcf),50962,MMCF
2003-08,NUS-Z00,U.S.,EPG0,Natural Gas,PEX,Exports (Price),N9130US3,Price of U.S. Natural Gas Exports (Dollars per Thousand Cubic Feet),4.9,$/MCF
2003-07,NUS-Z00,U.S.,EPG0,Natural Gas,IM0,Imports,N9100US2,U.S. Natural Gas Imports (MMcf),340532,MMCF
2003-07,NUS-Z00,U.S.,EPG0,Natural Gas,PEX,Exports (Price),N9130US3,Price of U.S. Natural Gas Exports (Dollars per Thousand Cubic Feet),5.31,$/MCF
2003-07,NUS-Z00,U.S.,EPG0,Natural Gas,PM0,Imports Price,N9100US3,Price of U.S. Natural Gas Imports (Dollars per Thousand Cubic Feet),5.11,$/MCF
2003-07,NUS-Z00,U.S.,EPG0,Natural Gas,EEX,Exports,N9130US2,U.S. Natural Gas Exports (MMcf),48707,MMCF
2004-05,NUS-Z00,U.S.,EPG0,Natural Gas,IM0,Imports,N9100US2,U.S. Natural Gas Imports (MMcf),326541,MMCF
2004-05,NUS-Z00,U.S.,EPG0,Natural Gas,EEX,Exports,N9130US2,U.S. Natural Gas Exports (MMcf),60968,MMCF
2004-05,NUS-Z00,U.S.,EPG0,Natural Gas,PEX,Exports (Price),N9130US3,Price of U.S. Natural Gas Exports (Dollars per Thousand Cubic Feet),6.12,$/MCF
2004-05,NUS-Z00,U.S.,EPG0,Natural Gas,PM0,Imports Price,N9100US3,Price of U.S. Natural Gas Imports (Dollars per Thousand Cubic Feet),5.63,$/MCF
2004-04,NUS-Z00,U.S.,EPG0,Natural Gas,PM0,Imports Price,N9100US3,Price of U.S. Natural Gas Imports (Dollars per Thousand Cubic Feet),5.21,$/MCF
2004-04,NUS-Z00,U.S.,EPG0,Natural Gas,EEX,Exports,N9130US2,U.S. Natural Gas Exports (MMcf),61916,MMCF
2004-04,NUS-Z00,U.S.,EPG0,Natural Gas,IM0,Imports,N9100US2,U.S. Natural Gas Imports (MMcf),325105,MMCF
2004-04,NUS-Z00,U.S.,EPG0,Natural Gas,PEX,Exports (Price),N9130US3,Price of U.S. Natural Gas Exports (Dollars per Thousand Cubic Feet),5.57,$/MCF
2004-03,NUS-Z00,U.S.,EPG0,Natural Gas,PM0,Imports Price,N9100US3,Price of U.S. Natural Gas Imports (Dollars per Thousand Cubic Feet),5.15,$/MCF
2004-03,NUS-Z00,U.S.,EPG0,Natural Gas,EEX,Exports,N9130US2,U.S. Natural Gas Exports (MMcf),90982,MMCF
2004-03,NUS-Z00,U.S.,EPG0,Natural Gas,IM0,Imports,N9100US2,U.S. Natural Gas Imports (MMcf),348992,MMCF
2004-03,NUS-Z00,U.S.,EPG0,Natural Gas,PEX,Exports (Price),N9130US3,Price of U.S. Natural Gas Exports (Dollars per Thousand Cubic Feet),5.35,$/MCF
2004-02,NUS-Z00,U.S.,EPG0,Natural Gas,EEX,Exports,N9130US2,U.S. Natural Gas Exports (MMcf),69805,MMCF
2004-02,NUS-Z00,U.S.,EPG0,Natural Gas,PEX,Exports (Price),N9130US3,Price of U.S. Natural Gas Exports (Dollars per Thousand Cubic Feet),5.71,$/MCF
2004-02,NUS-Z00,U.S.,EPG0,Natural Gas,IM0,Imports,N9100US2,U.S. Natural Gas Imports (MMcf),345930,MMCF
2004-02,NUS-Z00,U.S.,EPG0,Natural Gas,PM0,Imports Price,N9100US3,Price of U.S. Natural Gas Imports (Dollars per Thousand Cubic Feet),5.67,$/MCF
2004-01,NUS-Z00,U.S.,EPG0,Natural Gas,PM0,Imports Price,N9100US3,Price of U.S. Natural Gas Imports (Dollars per Thousand Cubic Feet),5.98,$/MCF
2004-01,NUS-Z00,U.S.,EPG0,Natural Gas,IM0,Imports,N9100US2,U.S. Natural Gas Imports (MMcf),373195,MMCF
2004-01,NUS-Z00,U.S.,EPG0,Natural Gas,PEX,Exports (Price),N9130US3,Price of U.S. Natural Gas Exports (Dollars per Thousand Cubic Feet),6.02,$/MCF
2004-01,NUS-Z00,U.S.,EPG0,Natural Gas,EEX,Exports,N9130US2,U.S. Natural Gas Exports (MMcf),67024,MMCF
2004-11,NUS-Z00,U.S.,EPG0,Natural Gas,IM0,Imports,N9100US2,U.S. Natural Gas Imports (MMcf),368685,MMCF
2004-11,NUS-Z00,U.S.,EPG0,Natural Gas,EEX,Exports,N9130US2,U.S. Natural Gas Exports (MMcf),86431,MMCF
2004-11,NUS-Z00,U.S.,EPG0,Natural Gas,PM0,Imports Price,N9100US3,Price of U.S. Natural Gas Imports (Dollars per Thousand Cubic Feet),6.98,$/MCF
2004-11,NUS-Z00,U.S.,EPG0,Natural Gas,PEX,Exports (Price),N9130US3,Price of U.S. Natural Gas Exports (Dollars per Thousand Cubic Feet),7.17,$/MCF
2004-10,NUS-Z00,U.S.,EPG0,Natural Gas,PM0,Imports Price,N9100US3,Price of U.S. Natural Gas Imports (Dollars per Thousand Cubic Feet),5.38,$/MCF
2004-10,NUS-Z00,U.S.,EPG0,Natural Gas,IM0,Imports,N9100US2,U.S. Natural Gas Imports (MMcf),335533,MMCF
2004-10,NUS-Z00,U.S.,EPG0,Natural Gas,EEX,Exports,N9130US2,U.S. Natural Gas Exports (MMcf),61174,MMCF
2004-10,NUS-Z00,U.S.,EPG0,Natural Gas,PEX,Exports (Price),N9130US3,Price of U.S. Natural Gas Exports (Dollars per Thousand Cubic Feet),5.77,$/MCF
2004-09,NUS-Z00,U.S.,EPG0,Natural Gas,EEX,Exports,N9130US2,U.S. Natural Gas Exports (MMcf),74439,MMCF
2004-09,NUS-Z00,U.S.,EPG0,Natural Gas,PM0,Imports Price,N9100US3,Price of U.S. Natural Gas Imports (Dollars per Thousand Cubic Feet),4.96,$/MCF
2004-09,NUS-Z00,U.S.,EPG0,Natural Gas,PEX,Exports (Price),N9130US3,Price of U.S. Natural Gas Exports (Dollars per Thousand Cubic Feet),5.47,$/MCF
2004-09,NUS-Z00,U.S.,EPG0,Natural Gas,IM0,Imports,N9100US2,U.S. Natural Gas Imports (MMcf),344621,MMCF
2004-08,NUS-Z00,U.S.,EPG0,Natural Gas,PM0,Imports Price,N9100US3,Price of U.S. Natural Gas Imports (Dollars per Thousand Cubic Feet),5.62,$/MCF
2004-08,NUS-Z00,U.S.,EPG0,Natural Gas,EEX,Exports,N9130US2,U.S. Natural Gas Exports (MMcf),67491,MMCF
2004-08,NUS-Z00,U.S.,EPG0,Natural Gas,PEX,Exports (Price),N9130US3,Price of U.S. Natural Gas Exports (Dollars per Thousand Cubic Feet),5.86,$/MCF
2004-08,NUS-Z00,U.S.,EPG0,Natural Gas,IM0,Imports,N9100US2,U.S. Natural Gas Imports (MMcf),360244,MMCF
2004-07,NUS-Z00,U.S.,EPG0,Natural Gas,IM0,Imports,N9100US2,U.S. Natural Gas Imports (MMcf),374651,MMCF
2004-07,NUS-Z00,U.S.,EPG0,Natural Gas,PM0,Imports Price,N9100US3,Price of U.S. Natural Gas Imports (Dollars per Thousand Cubic Feet),5.75,$/MCF
2004-07,NUS-Z00,U.S.,EPG0,Natural Gas,EEX,Exports,N9130US2,U.S. Natural Gas Exports (MMcf),67031,MMCF
2004-07,NUS-Z00,U.S.,EPG0,Natural Gas,PEX,Exports (Price),N9130US3,Price of U.S. Natural Gas Exports (Dollars per Thousand Cubic Feet),6.09,$/MCF
2005-05,NUS-Z00,U.S.,EPG0,Natural Gas,IM0,Imports,N9100US2,U.S. Natural Gas Imports (MMcf),333997,MMCF
2005-05,NUS-Z00,U.S.,EPG0,Natural Gas,PEX,Exports (Price),N9130US3,Price of U.S. Natural Gas Exports (Dollars per Thousand Cubic Feet),6.75,$/MCF
2005-05,NUS-Z00,U.S.,EPG0,Natural Gas,EEX,Exports,N9130US2,U.S. Natural Gas Exports (MMcf),58944,MMCF
2005-05,NUS-Z00,U.S.,EPG0,Natural Gas,PM0,Imports Price,N9100US3,Price of U.S. Natural Gas Imports (Dollars per Thousand Cubic Feet),6.58,$/MCF
2005-04,NUS-Z00,U.S.,EPG0,Natural Gas,EEX,Exports,N9130US2,U.S. Natural Gas Exports (MMcf),55538,MMCF
2005-04,NUS-Z00,U.S.,EPG0,Natural Gas,PEX,Exports (Price),N9130US3,Price of U.S. Natural Gas Exports (Dollars per Thousand Cubic Feet),7.06,$/MCF
2005-04,NUS-Z00,U.S.,EPG0,Natural Gas,PM0,Imports Price,N9100US3,Price of U.S. Natural Gas Imports (Dollars per Thousand Cubic Feet),6.92,$/MCF
2005-04,NUS-Z00,U.S.,EPG0,Natural Gas,IM0,Imports,N9100US2,U.S. Natural Gas Imports (MMcf),326147,MMCF
2005-03,NUS-Z00,U.S.,EPG0,Natural Gas,IM0,Imports,N9100US2,U.S. Natural Gas Imports (MMcf),379650,MMCF
2005-03,NUS-Z00,U.S.,EPG0,Natural Gas,PM0,Imports Price,N9100US3,Price of U.S. Natural Gas Imports (Dollars per Thousand Cubic Feet),6.24,$/MCF
2005-03,NUS-Z00,U.S.,EPG0,Natural Gas,PEX,Exports (Price),N9130US3,Price of U.S. Natural Gas Exports (Dollars per Thousand Cubic Feet),6.59,$/MCF
2005-03,NUS-Z00,U.S.,EPG0,Natural Gas,EEX,Exports,N9130US2,U.S. Natural Gas Exports (MMcf),96220,MMCF
2005-02,NUS-Z00,U.S.,EPG0,Natural Gas,IM0,Imports,N9100US2,U.S. Natural Gas Imports (MMcf),356495,MMCF
2005-02,NUS-Z00,U.S.,EPG0,Natural Gas,PM0,Imports Price,N9100US3,Price of U.S. Natural Gas Imports (Dollars per Thousand Cubic Feet),6.14,$/MCF
2005-02,NUS-Z00,U.S.,EPG0,Natural Gas,PEX,Exports (Price),N9130US3,Price of U.S. Natural Gas Exports (Dollars per Thousand Cubic Feet),6.21,$/MCF
2005-02,NUS-Z00,U.S.,EPG0,Natural Gas,EEX,Exports,N9130US2,U.S. Natural Gas Exports (MMcf),89576,MMCF
2005-01,NUS-Z00,U.S.,EPG0,Natural Gas,IM0,Imports,N9100US2,U.S. Natural Gas Imports (MMcf),405016,MMCF
2005-01,NUS-Z00,U.S.,EPG0,Natural Gas,PEX,Exports (Price),N9130US3,Price of U.S. Natural Gas Exports (Dollars per Thousand Cubic Feet),6.2,$/MCF
2005-01,NUS-Z00,U.S.,EPG0,Natural Gas,EEX,Exports,N9130US2,U.S. Natural Gas Exports (MMcf),91395,MMCF
2005-01,NUS-Z00,U.S.,EPG0,Natural Gas,PM0,Imports Price,N9100US3,Price of U.S. Natural Gas Imports (Dollars per Thousand Cubic Feet),6.3,$/MCF
2005-11,NUS-Z00,U.S.,EPG0,Natural Gas,PM0,Imports Price,N9100US3,Price of U.S. Natural Gas Imports (Dollars per Thousand Cubic Feet),11.31,$/MCF
2005-11,NUS-Z00,U.S.,EPG0,Natural Gas,PEX,Exports (Price),N9130US3,Price of U.S. Natural Gas Exports (Dollars per Thousand Cubic Feet),10.34,$/MCF
2005-11,NUS-Z00,U.S.,EPG0,Natural Gas,EEX,Exports,N9130US2,U.S. Natural Gas Exports (MMcf),44964,MMCF
2005-11,NUS-Z00,U.S.,EPG0,Natural Gas,IM0,Imports,N9100US2,U.S. Natural Gas Imports (MMcf),359387,MMCF
2005-10,NUS-Z00,U.S.,EPG0,Natural Gas,PM0,Imports Price,N9100US3,Price of U.S. Natural Gas Imports (Dollars per Thousand Cubic Feet),11.99,$/MCF
2005-10,NUS-Z00,U.S.,EPG0,Natural Gas,PEX,Exports (Price),N9130US3,Price of U.S. Natural Gas Exports (Dollars per Thousand Cubic Feet),11.06,$/MCF
2005-10,NUS-Z00,U.S.,EPG0,Natural Gas,IM0,Imports,N9100US2,U.S. Natural Gas Imports (MMcf),366305,MMCF
2005-10,NUS-Z00,U.S.,EPG0,Natural Gas,EEX,Exports,N9130US2,U.S. Natural Gas Exports (MMcf),41025,MMCF
2005-09,NUS-Z00,U.S.,EPG0,Natural Gas,IM0,Imports,N9100US2,U.S. Natural Gas Imports (MMcf),345907,MMCF
2005-09,NUS-Z00,U.S.,EPG0,Natural Gas,PEX,Exports (Price),N9130US3,Price of U.S. Natural Gas Exports (Dollars per Thousand Cubic Feet),9.71,$/MCF
2005-09,NUS-Z00,U.S.,EPG0,Natural Gas,EEX,Exports,N9130US2,U.S. Natural Gas Exports (MMcf),43824,MMCF
2005-09,NUS-Z00,U.S.,EPG0,Natural Gas,PM0,Imports Price,N9100US3,Price of U.S. Natural Gas Imports (Dollars per Thousand Cubic Feet),9.96,$/MCF
2005-08,NUS-Z00,U.S.,EPG0,Natural Gas,EEX,Exports,N9130US2,U.S. Natural Gas Exports (MMcf),51987,MMCF
2005-08,NUS-Z00,U.S.,EPG0,Natural Gas,PM0,Imports Price,N9100US3,Price of U.S. Natural Gas Imports (Dollars per Thousand Cubic Feet),7.5,$/MCF
2005-08,NUS-Z00,U.S.,EPG0,Natural Gas,PEX,Exports (Price),N9130US3,Price of U.S. Natural Gas Exports (Dollars per Thousand Cubic Feet),7.93,$/MCF
2005-08,NUS-Z00,U.S.,EPG0,Natural Gas,IM0,Imports,N9100US2,U.S. Natural Gas Imports (MMcf),351805,MMCF
2005-07,NUS-Z00,U.S.,EPG0,Natural Gas,EEX,Exports,N9130US2,U.S. Natural Gas Exports (MMcf),55048,MMCF
2005-07,NUS-Z00,U.S.,EPG0,Natural Gas,PM0,Imports Price,N9100US3,Price of U.S. Natural Gas Imports (Dollars per Thousand Cubic Feet),6.82,$/MCF
2005-07,NUS-Z00,U.S.,EPG0,Natural Gas,PEX,Exports (Price),N9130US3,Price of U.S. Natural Gas Exports (Dollars per Thousand Cubic Feet),7.09,$/MCF
2005-07,NUS-Z00,U.S.,EPG0,Natural Gas,IM0,Imports,N9100US2,U.S. Natural Gas Imports (MMcf),386093,MMCF
2006-05,NUS-Z00,U.S.,EPG0,Natural Gas,PEX,Exports (Price),N9130US3,Price of U.S. Natural Gas Exports (Dollars per Thousand Cubic Feet),6.5,$/MCF
2006-05,NUS-Z00,U.S.,EPG0,Natural Gas,IM0,Imports,N9100US2,U.S. Natural Gas Imports (MMcf),350535,MMCF
2006-05,NUS-Z00,U.S.,EPG0,Natural Gas,EEX,Exports,N9130US2,U.S. Natural Gas Exports (MMcf),62557,MMCF
2006-05,NUS-Z00,U.S.,EPG0,Natural Gas,PM0,Imports Price,N9100US3,Price of U.S. Natural Gas Imports (Dollars per Thousand Cubic Feet),6.53,$/MCF
2006-04,NUS-Z00,U.S.,EPG0,Natural Gas,PM0,Imports Price,N9100US3,Price of U.S. Natural Gas Imports (Dollars per Thousand Cubic Feet),6.73,$/MCF
2006-04,NUS-Z00,U.S.,EPG0,Natural Gas,IM0,Imports,N9100US2,U.S. Natural Gas Imports (MMcf),332248,MMCF
2006-04,NUS-Z00,U.S.,EPG0,Natural Gas,EEX,Exports,N9130US2,U.S. Natural Gas Exports (MMcf),45181,MMCF
2006-04,NUS-Z00,U.S.,EPG0,Natural Gas,PEX,Exports (Price),N9130US3,Price of U.S. Natural Gas Exports (Dollars per Thousand Cubic Feet),6.72,$/MCF
2006-03,NUS-Z00,U.S.,EPG0,Natural Gas,IM0,Imports,N9100US2,U.S. Natural Gas Imports (MMcf),348293,MMCF
2006-03,NUS-Z00,U.S.,EPG0,Natural Gas,PEX,Exports (Price),N9130US3,Price of U.S. Natural Gas Exports (Dollars per Thousand Cubic Feet),6.79,$/MCF
2006-03,NUS-Z00,U.S.,EPG0,Natural Gas,EEX,Exports,N9130US2,U.S. Natural Gas Exports (MMcf),69434,MMCF
2006-03,NUS-Z00,U.S.,EPG0,Natural Gas,PM0,Imports Price,N9100US3,Price of U.S. Natural Gas Imports (Dollars per Thousand Cubic Feet),7,$/MCF
2006-02,NUS-Z00,U.S.,EPG0,Natural Gas,PM0,Imports Price,N9100US3,Price of U.S. Natural Gas Imports (Dollars per Thousand Cubic Feet),7.96,$/MCF
2006-02,NUS-Z00,U.S.,EPG0,Natural Gas,EEX,Exports,N9130US2,U.S. Natural Gas Exports (MMcf),58766,MMCF
2006-02,NUS-Z00,U.S.,EPG0,Natural Gas,IM0,Imports,N9100US2,U.S. Natural Gas Imports (MMcf),321045,MMCF
2006-02,NUS-Z00,U.S.,EPG0,Natural Gas,PEX,Exports (Price),N9130US3,Price of U.S. Natural Gas Exports (Dollars per Thousand Cubic Feet),7.71,$/MCF
2006-01,NUS-Z00,U.S.,EPG0,Natural Gas,IM0,Imports,N9100US2,U.S. Natural Gas Imports (MMcf),360316,MMCF
2006-01,NUS-Z00,U.S.,EPG0,Natural Gas,PEX,Exports (Price),N9130US3,Price of U.S. Natural Gas Exports (Dollars per Thousand Cubic Feet),9.52,$/MCF
2006-01,NUS-Z00,U.S.,EPG0,Natural Gas,EEX,Exports,N9130US2,U.S. Natural Gas Exports (MMcf),55600,MMCF
2006-01,NUS-Z00,U.S.,EPG0,Natural Gas,PM0,Imports Price,N9100US3,Price of U.S. Natural Gas Imports (Dollars per Thousand Cubic Feet),10.11,$/MCF
2006-11,NUS-Z00,U.S.,EPG0,Natural Gas,IM0,Imports,N9100US2,U.S. Natural Gas Imports (MMcf),339118,MMCF
2006-11,NUS-Z00,U.S.,EPG0,Natural Gas,PM0,Imports Price,N9100US3,Price of U.S. Natural Gas Imports (Dollars per Thousand Cubic Feet),7.24,$/MCF
2006-11,NUS-Z00,U.S.,EPG0,Natural Gas,EEX,Exports,N9130US2,U.S. Natural Gas Exports (MMcf),69688,MMCF
2006-11,NUS-Z00,U.S.,EPG0,Natural Gas,PEX,Exports (Price),N9130US3,Price of U.S. Natural Gas Exports (Dollars per Thousand Cubic Feet),7.21,$/MCF
2006-10,NUS-Z00,U.S.,EPG0,Natural Gas,PM0,Imports Price,N9100US3,Price of U.S. Natural Gas Imports (Dollars per Thousand Cubic Feet),4.88,$/MCF
2006-10,NUS-Z00,U.S.,EPG0,Natural Gas,IM0,Imports,N9100US2,U.S. Natural Gas Imports (MMcf),334016,MMCF
2006-10,NUS-Z00,U.S.,EPG0,Natural Gas,EEX,Exports,N9130US2,U.S. Natural Gas Exports (MMcf),58904,MMCF
2006-10,NUS-Z00,U.S.,EPG0,Natural Gas,PEX,Exports (Price),N9130US3,Price of U.S. Natural Gas Exports (Dollars per Thousand Cubic Feet),5.06,$/MCF
2006-09,NUS-Z00,U.S.,EPG0,Natural Gas,IM0,Imports,N9100US2,U.S. Natural Gas Imports (MMcf),333514,MMCF
2006-09,NUS-Z00,U.S.,EPG0,Natural Gas,PM0,Imports Price,N9100US3,Price of U.S. Natural Gas Imports (Dollars per Thousand Cubic Feet),5.83,$/MCF
2006-09,NUS-Z00,U.S.,EPG0,Natural Gas,PEX,Exports (Price),N9130US3,Price of U.S. Natural Gas Exports (Dollars per Thousand Cubic Feet),5.9,$/MCF
2006-09,NUS-Z00,U.S.,EPG0,Natural Gas,EEX,Exports,N9130US2,U.S. Natural Gas Exports (MMcf),52583,MMCF
2006-08,NUS-Z00,U.S.,EPG0,Natural Gas,EEX,Exports,N9130US2,U.S. Natural Gas Exports (MMcf),54739,MMCF
2006-08,NUS-Z00,U.S.,EPG0,Natural Gas,PEX,Exports (Price),N9130US3,Price of U.S. Natural Gas Exports (Dollars per Thousand Cubic Feet),6.98,$/MCF
2006-08,NUS-Z00,U.S.,EPG0,Natural Gas,PM0,Imports Price,N9100US3,Price of U.S. Natural Gas Imports (Dollars per Thousand Cubic Feet),6.74,$/MCF
2006-08,NUS-Z00,U.S.,EPG0,Natural Gas,IM0,Imports,N9100US2,U.S. Natural Gas Imports (MMcf),364972,MMCF
2006-07,NUS-Z00,U.S.,EPG0,Natural Gas,EEX,Exports,N9130US2,U.S. Natural Gas Exports (MMcf),58874,MMCF
2006-07,NUS-Z00,U.S.,EPG0,Natural Gas,IM0,Imports,N9100US2,U.S. Natural Gas Imports (MMcf),370925,MMCF
2006-07,NUS-Z00,U.S.,EPG0,Natural Gas,PM0,Imports Price,N9100US3,Price of U.S. Natural Gas Imports (Dollars per Thousand Cubic Feet),5.95,$/MCF
2006-07,NUS-Z00,U.S.,EPG0,Natural Gas,PEX,Exports (Price),N9130US3,Price of U.S. Natural Gas Exports (Dollars per Thousand Cubic Feet),6.02,$/MCF
2007-05,NUS-Z00,U.S.,EPG0,Natural Gas,EEX,Exports,N9130US2,U.S. Natural Gas Exports (MMcf),62477,MMCF
2007-05,NUS-Z00,U.S.,EPG0,Natural Gas,PEX,Exports (Price),N9130US3,Price of U.S. Natural Gas Exports (Dollars per Thousand Cubic Feet),7.47,$/MCF
2007-05,NUS-Z00,U.S.,EPG0,Natural Gas,IM0,Imports,N9100US2,U.S. Natural Gas Imports (MMcf),380213,MMCF
2007-05,NUS-Z00,U.S.,EPG0,Natural Gas,PM0,Imports Price,N9100US3,Price of U.S. Natural Gas Imports (Dollars per Thousand Cubic Feet),7.45,$/MCF
2007-04,NUS-Z00,U.S.,EPG0,Natural Gas,IM0,Imports,N9100US2,U.S. Natural Gas Imports (MMcf),386837,MMCF
2007-04,NUS-Z00,U.S.,EPG0,Natural Gas,PM0,Imports Price,N9100US3,Price of U.S. Natural Gas Imports (Dollars per Thousand Cubic Feet),7.24,$/MCF
2007-04,NUS-Z00,U.S.,EPG0,Natural Gas,PEX,Exports (Price),N9130US3,Price of U.S. Natural Gas Exports (Dollars per Thousand Cubic Feet),7.41,$/MCF
2007-04,NUS-Z00,U.S.,EPG0,Natural Gas,EEX,Exports,N9130US2,U.S. Natural Gas Exports (MMcf),50736,MMCF
2007-03,NUS-Z00,U.S.,EPG0,Natural Gas,PM0,Imports Price,N9100US3,Price of U.S. Natural Gas Imports (Dollars per Thousand Cubic Feet),7.45,$/MCF
2007-03,NUS-Z00,U.S.,EPG0,Natural Gas,PEX,Exports (Price),N9130US3,Price of U.S. Natural Gas Exports (Dollars per Thousand Cubic Feet),7.33,$/MCF
2007-03,NUS-Z00,U.S.,EPG0,Natural Gas,EEX,Exports,N9130US2,U.S. Natural Gas Exports (MMcf),77036,MMCF
2007-03,NUS-Z00,U.S.,EPG0,Natural Gas,IM0,Imports,N9100US2,U.S. Natural Gas Imports (MMcf),401779,MMCF
2007-02,NUS-Z00,U.S.,EPG0,Natural Gas,IM0,Imports,N9100US2,U.S. Natural Gas Imports (MMcf),372874,MMCF
2007-02,NUS-Z00,U.S.,EPG0,Natural Gas,PM0,Imports Price,N9100US3,Price of U.S. Natural Gas Imports (Dollars per Thousand Cubic Feet),7.39,$/MCF
2007-02,NUS-Z00,U.S.,EPG0,Natural Gas,PEX,Exports (Price),N9130US3,Price of U.S. Natural Gas Exports (Dollars per Thousand Cubic Feet),7.35,$/MCF
2007-02,NUS-Z00,U.S.,EPG0,Natural Gas,EEX,Exports,N9130US2,U.S. Natural Gas Exports (MMcf),56539,MMCF
2007-01,NUS-Z00,U.S.,EPG0,Natural Gas,IM0,Imports,N9100US2,U.S. Natural Gas Imports (MMcf),393140,MMCF
2007-01,NUS-Z00,U.S.,EPG0,Natural Gas,PEX,Exports (Price),N9130US3,Price of U.S. Natural Gas Exports (Dollars per Thousand Cubic Feet),6.58,$/MCF
2007-01,NUS-Z00,U.S.,EPG0,Natural Gas,PM0,Imports Price,N9100US3,Price of U.S. Natural Gas Imports (Dollars per Thousand Cubic Feet),6.5,$/MCF
2007-01,NUS-Z00,U.S.,EPG0,Natural Gas,EEX,Exports,N9130US2,U.S. Natural Gas Exports (MMcf),69221,MMCF
2007-11,NUS-Z00,U.S.,EPG0,Natural Gas,PM0,Imports Price,N9100US3,Price of U.S. Natural Gas Imports (Dollars per Thousand Cubic Feet),7.21,$/MCF
2007-11,NUS-Z00,U.S.,EPG0,Natural Gas,IM0,Imports,N9100US2,U.S. Natural Gas Imports (MMcf),340607,MMCF
2007-11,NUS-Z00,U.S.,EPG0,Natural Gas,PEX,Exports (Price),N9130US3,Price of U.S. Natural Gas Exports (Dollars per Thousand Cubic Feet),7.05,$/MCF
2007-11,NUS-Z00,U.S.,EPG0,Natural Gas,EEX,Exports,N9130US2,U.S. Natural Gas Exports (MMcf),86458,MMCF
2007-10,NUS-Z00,U.S.,EPG0,Natural Gas,PM0,Imports Price,N9100US3,Price of U.S. Natural Gas Imports (Dollars per Thousand Cubic Feet),6.35,$/MCF
2007-10,NUS-Z00,U.S.,EPG0,Natural Gas,IM0,Imports,N9100US2,U.S. Natural Gas Imports (MMcf),347224,MMCF
2007-10,NUS-Z00,U.S.,EPG0,Natural Gas,EEX,Exports,N9130US2,U.S. Natural Gas Exports (MMcf),63576,MMCF
2007-10,NUS-Z00,U.S.,EPG0,Natural Gas,PEX,Exports (Price),N9130US3,Price of U.S. Natural Gas Exports (Dollars per Thousand Cubic Feet),6.61,$/MCF
2007-09,NUS-Z00,U.S.,EPG0,Natural Gas,PM0,Imports Price,N9100US3,Price of U.S. Natural Gas Imports (Dollars per Thousand Cubic Feet),5.49,$/MCF
2007-09,NUS-Z00,U.S.,EPG0,Natural Gas,EEX,Exports,N9130US2,U.S. Natural Gas Exports (MMcf),65077,MMCF
2007-09,NUS-Z00,U.S.,EPG0,Natural Gas,PEX,Exports (Price),N9130US3,Price of U.S. Natural Gas Exports (Dollars per Thousand Cubic Feet),5.83,$/MCF
2007-09,NUS-Z00,U.S.,EPG0,Natural Gas,IM0,Imports,N9100US2,U.S. Natural Gas Imports (MMcf),361383,MMCF
2007-08,NUS-Z00,U.S.,EPG0,Natural Gas,EEX,Exports,N9130US2,U.S. Natural Gas Exports (MMcf),61870,MMCF
2007-08,NUS-Z00,U.S.,EPG0,Natural Gas,PM0,Imports Price,N9100US3,Price of U.S. Natural Gas Imports (Dollars per Thousand Cubic Feet),6,$/MCF
2007-08,NUS-Z00,U.S.,EPG0,Natural Gas,PEX,Exports (Price),N9130US3,Price of U.S. Natural Gas Exports (Dollars per Thousand Cubic Feet),6.1,$/MCF
2007-08,NUS-Z00,U.S.,EPG0,Natural Gas,IM0,Imports,N9100US2,U.S. Natural Gas Imports (MMcf),426534,MMCF
2007-07,NUS-Z00,U.S.,EPG0,Natural Gas,IM0,Imports,N9100US2,U.S. Natural Gas Imports (MMcf),418576,MMCF
2007-07,NUS-Z00,U.S.,EPG0,Natural Gas,EEX,Exports,N9130US2,U.S. Natural Gas Exports (MMcf),70660,MMCF
2007-07,NUS-Z00,U.S.,EPG0,Natural Gas,PEX,Exports (Price),N9130US3,Price of U.S. Natural Gas Exports (Dollars per Thousand Cubic Feet),6.47,$/MCF
2007-07,NUS-Z00,U.S.,EPG0,Natural Gas,PM0,Imports Price,N9100US3,Price of U.S. Natural Gas Imports (Dollars per Thousand Cubic Feet),6.56,$/MCF
2008-05,NUS-Z00,U.S.,EPG0,Natural Gas,PEX,Exports (Price),N9130US3,Price of U.S. Natural Gas Exports (Dollars per Thousand Cubic Feet),10.93,$/MCF
2008-05,NUS-Z00,U.S.,EPG0,Natural Gas,IM0,Imports,N9100US2,U.S. Natural Gas Imports (MMcf),297154,MMCF
2008-05,NUS-Z00,U.S.,EPG0,Natural Gas,PM0,Imports Price,N9100US3,Price of U.S. Natural Gas Imports (Dollars per Thousand Cubic Feet),10.8,$/MCF
2008-05,NUS-Z00,U.S.,EPG0,Natural Gas,EEX,Exports,N9130US2,U.S. Natural Gas Exports (MMcf),68981,MMCF
2008-04,NUS-Z00,U.S.,EPG0,Natural Gas,IM0,Imports,N9100US2,U.S. Natural Gas Imports (MMcf),322122,MMCF
2008-04,NUS-Z00,U.S.,EPG0,Natural Gas,PM0,Imports Price,N9100US3,Price of U.S. Natural Gas Imports (Dollars per Thousand Cubic Feet),9.61,$/MCF
2008-04,NUS-Z00,U.S.,EPG0,Natural Gas,EEX,Exports,N9130US2,U.S. Natural Gas Exports (MMcf),74343,MMCF
2008-04,NUS-Z00,U.S.,EPG0,Natural Gas,PEX,Exports (Price),N9130US3,Price of U.S. Natural Gas Exports (Dollars per Thousand Cubic Feet),9.94,$/MCF
2008-03,NUS-Z00,U.S.,EPG0,Natural Gas,PEX,Exports (Price),N9130US3,Price of U.S. Natural Gas Exports (Dollars per Thousand Cubic Feet),9.33,$/MCF
2008-03,NUS-Z00,U.S.,EPG0,Natural Gas,EEX,Exports,N9130US2,U.S. Natural Gas Exports (MMcf),100351,MMCF
2008-03,NUS-Z00,U.S.,EPG0,Natural Gas,IM0,Imports,N9100US2,U.S. Natural Gas Imports (MMcf),366810,MMCF
2008-03,NUS-Z00,U.S.,EPG0,Natural Gas,PM0,Imports Price,N9100US3,Price of U.S. Natural Gas Imports (Dollars per Thousand Cubic Feet),9.03,$/MCF
2008-02,NUS-Z00,U.S.,EPG0,Natural Gas,EEX,Exports,N9130US2,U.S. Natural Gas Exports (MMcf),99374,MMCF
2008-02,NUS-Z00,U.S.,EPG0,Natural Gas,PM0,Imports Price,N9100US3,Price of U.S. Natural Gas Imports (Dollars per Thousand Cubic Feet),8.34,$/MCF
2008-02,NUS-Z00,U.S.,EPG0,Natural Gas,IM0,Imports,N9100US2,U.S. Natural Gas Imports (MMcf),349660,MMCF
2008-02,NUS-Z00,U.S.,EPG0,Natural Gas,PEX,Exports (Price),N9130US3,Price of U.S. Natural Gas Exports (Dollars per Thousand Cubic Feet),8.36,$/MCF
2008-01,NUS-Z00,U.S.,EPG0,Natural Gas,PM0,Imports Price,N9100US3,Price of U.S. Natural Gas Imports (Dollars per Thousand Cubic Feet),7.66,$/MCF
2008-01,NUS-Z00,U.S.,EPG0,Natural Gas,EEX,Exports,N9130US2,U.S. Natural Gas Exports (MMcf),109302,MMCF
2008-01,NUS-Z00,U.S.,EPG0,Natural Gas,PEX,Exports (Price),N9130US3,Price of U.S. Natural Gas Exports (Dollars per Thousand Cubic Feet),7.7,$/MCF
2008-01,NUS-Z00,U.S.,EPG0,Natural Gas,IM0,Imports,N9100US2,U.S. Natural Gas Imports (MMcf),389651,MMCF
2008-11,NUS-Z00,U.S.,EPG0,Natural Gas,IM0,Imports,N9100US2,U.S. Natural Gas Imports (MMcf),320254,MMCF
2008-11,NUS-Z00,U.S.,EPG0,Natural Gas,EEX,Exports,N9130US2,U.S. Natural Gas Exports (MMcf),90432,MMCF
2008-11,NUS-Z00,U.S.,EPG0,Natural Gas,PM0,Imports Price,N9100US3,Price of U.S. Natural Gas Imports (Dollars per Thousand Cubic Feet),6.54,$/MCF
2008-11,NUS-Z00,U.S.,EPG0,Natural Gas,PEX,Exports (Price),N9130US3,Price of U.S. Natural Gas Exports (Dollars per Thousand Cubic Feet),6.28,$/MCF
2008-10,NUS-Z00,U.S.,EPG0,Natural Gas,PM0,Imports Price,N9100US3,Price of U.S. Natural Gas Imports (Dollars per Thousand Cubic Feet),6.87,$/MCF
2008-10,NUS-Z00,U.S.,EPG0,Natural Gas,PEX,Exports (Price),N9130US3,Price of U.S. Natural Gas Exports (Dollars per Thousand Cubic Feet),6.54,$/MCF
2008-10,NUS-Z00,U.S.,EPG0,Natural Gas,IM0,Imports,N9100US2,U.S. Natural Gas Imports (MMcf),321328,MMCF
2008-10,NUS-Z00,U.S.,EPG0,Natural Gas,EEX,Exports,N9130US2,U.S. Natural Gas Exports (MMcf),66843,MMCF
2008-09,NUS-Z00,U.S.,EPG0,Natural Gas,EEX,Exports,N9130US2,U.S. Natural Gas Exports (MMcf),55330,MMCF
2008-09,NUS-Z00,U.S.,EPG0,Natural Gas,IM0,Imports,N9100US2,U.S. Natural Gas Imports (MMcf),313868,MMCF
2008-09,NUS-Z00,U.S.,EPG0,Natural Gas,PEX,Exports (Price),N9130US3,Price of U.S. Natural Gas Exports (Dollars per Thousand Cubic Feet),7.45,$/MCF
2008-09,NUS-Z00,U.S.,EPG0,Natural Gas,PM0,Imports Price,N9100US3,Price of U.S. Natural Gas Imports (Dollars per Thousand Cubic Feet),7.54,$/MCF
2008-08,NUS-Z00,U.S.,EPG0,Natural Gas,PEX,Exports (Price),N9130US3,Price of U.S. Natural Gas Exports (Dollars per Thousand Cubic Feet),8.69,$/MCF
2008-08,NUS-Z00,U.S.,EPG0,Natural Gas,IM0,Imports,N9100US2,U.S. Natural Gas Imports (MMcf),328663,MMCF
2008-08,NUS-Z00,U.S.,EPG0,Natural Gas,PM0,Imports Price,N9100US3,Price of U.S. Natural Gas Imports (Dollars per Thousand Cubic Feet),8.67,$/MCF
2008-08,NUS-Z00,U.S.,EPG0,Natural Gas,EEX,Exports,N9130US2,U.S. Natural Gas Exports (MMcf),67157,MMCF
2008-07,NUS-Z00,U.S.,EPG0,Natural Gas,EEX,Exports,N9130US2,U.S. Natural Gas Exports (MMcf),63345,MMCF
2008-07,NUS-Z00,U.S.,EPG0,Natural Gas,IM0,Imports,N9100US2,U.S. Natural Gas Imports (MMcf),322810,MMCF
2008-07,NUS-Z00,U.S.,EPG0,Natural Gas,PEX,Exports (Price),N9130US3,Price of U.S. Natural Gas Exports (Dollars per Thousand Cubic Feet),11.9,$/MCF
2008-07,NUS-Z00,U.S.,EPG0,Natural Gas,PM0,Imports Price,N9100US3,Price of U.S. Natural Gas Imports (Dollars per Thousand Cubic Feet),11.78,$/MCF
2009-05,NUS-Z00,U.S.,EPG0,Natural Gas,PEX,Exports (Price),N9130US3,Price of U.S. Natural Gas Exports (Dollars per Thousand Cubic Feet),3.85,$/MCF
2009-05,NUS-Z00,U.S.,EPG0,Natural Gas,PM0,Imports Price,N9100US3,Price of U.S. Natural Gas Imports (Dollars per Thousand Cubic Feet),3.48,$/MCF
2009-05,NUS-Z00,U.S.,EPG0,Natural Gas,IM0,Imports,N9100US2,U.S. Natural Gas Imports (MMcf),265793,MMCF
2009-05,NUS-Z00,U.S.,EPG0,Natural Gas,EEX,Exports,N9130US2,U.S. Natural Gas Exports (MMcf),77072,MMCF
2009-04,NUS-Z00,U.S.,EPG0,Natural Gas,PEX,Exports (Price),N9130US3,Price of U.S. Natural Gas Exports (Dollars per Thousand Cubic Feet),3.88,$/MCF
2009-04,NUS-Z00,U.S.,EPG0,Natural Gas,PM0,Imports Price,N9100US3,Price of U.S. Natural Gas Imports (Dollars per Thousand Cubic Feet),3.67,$/MCF
2009-04,NUS-Z00,U.S.,EPG0,Natural Gas,IM0,Imports,N9100US2,U.S. Natural Gas Imports (MMcf),321848,MMCF
2009-04,NUS-Z00,U.S.,EPG0,Natural Gas,EEX,Exports,N9130US2,U.S. Natural Gas Exports (MMcf),80016,MMCF
2009-03,NUS-Z00,U.S.,EPG0,Natural Gas,PEX,Exports (Price),N9130US3,Price of U.S. Natural Gas Exports (Dollars per Thousand Cubic Feet),4.29,$/MCF
2009-03,NUS-Z00,U.S.,EPG0,Natural Gas,EEX,Exports,N9130US2,U.S. Natural Gas Exports (MMcf),103699,MMCF
2009-03,NUS-Z00,U.S.,EPG0,Natural Gas,IM0,Imports,N9100US2,U.S. Natural Gas Imports (MMcf),325165,MMCF
2009-03,NUS-Z00,U.S.,EPG0,Natural Gas,PM0,Imports Price,N9100US3,Price of U.S. Natural Gas Imports (Dollars per Thousand Cubic Feet),4.34,$/MCF
2009-02,NUS-Z00,U.S.,EPG0,Natural Gas,PEX,Exports (Price),N9130US3,Price of U.S. Natural Gas Exports (Dollars per Thousand Cubic Feet),4.92,$/MCF
2009-02,NUS-Z00,U.S.,EPG0,Natural Gas,EEX,Exports,N9130US2,U.S. Natural Gas Exports (MMcf),103196,MMCF
2009-02,NUS-Z00,U.S.,EPG0,Natural Gas,PM0,Imports Price,N9100US3,Price of U.S. Natural Gas Imports (Dollars per Thousand Cubic Feet),5.21,$/MCF
2009-02,NUS-Z00,U.S.,EPG0,Natural Gas,IM0,Imports,N9100US2,U.S. Natural Gas Imports (MMcf),321522,MMCF
2009-01,NUS-Z00,U.S.,EPG0,Natural Gas,IM0,Imports,N9100US2,U.S. Natural Gas Imports (MMcf),356749,MMCF
2009-01,NUS-Z00,U.S.,EPG0,Natural Gas,PM0,Imports Price,N9100US3,Price of U.S. Natural Gas Imports (Dollars per Thousand Cubic Feet),6.18,$/MCF
2009-01,NUS-Z00,U.S.,EPG0,Natural Gas,PEX,Exports (Price),N9130US3,Price of U.S. Natural Gas Exports (Dollars per Thousand Cubic Feet),5.98,$/MCF
2009-01,NUS-Z00,U.S.,EPG0,Natural Gas,EEX,Exports,N9130US2,U.S. Natural Gas Exports (MMcf),112989,MMCF
2009-11,NUS-Z00,U.S.,EPG0,Natural Gas,IM0,Imports,N9100US2,U.S. Natural Gas Imports (MMcf),294918,MMCF
2009-11,NUS-Z00,U.S.,EPG0,Natural Gas,PEX,Exports (Price),N9130US3,Price of U.S. Natural Gas Exports (Dollars per Thousand Cubic Feet),4.53,$/MCF
2009-11,NUS-Z00,U.S.,EPG0,Natural Gas,EEX,Exports,N9130US2,U.S. Natural Gas Exports (MMcf),96892,MMCF
2009-11,NUS-Z00,U.S.,EPG0,Natural Gas,PM0,Imports Price,N9100US3,Price of U.S. Natural Gas Imports (Dollars per Thousand Cubic Feet),4.4,$/MCF
2009-10,NUS-Z00,U.S.,EPG0,Natural Gas,EEX,Exports,N9130US2,U.S. Natural Gas Exports (MMcf),78092,MMCF
2009-10,NUS-Z00,U.S.,EPG0,Natural Gas,PM0,Imports Price,N9100US3,Price of U.S. Natural Gas Imports (Dollars per Thousand Cubic Feet),3.92,$/MCF
2009-10,NUS-Z00,U.S.,EPG0,Natural Gas,PEX,Exports (Price),N9130US3,Price of U.S. Natural Gas Exports (Dollars per Thousand Cubic Feet),4.29,$/MCF
2009-10,NUS-Z00,U.S.,EPG0,Natural Gas,IM0,Imports,N9100US2,U.S. Natural Gas Imports (MMcf),273124,MMCF
2009-09,NUS-Z00,U.S.,EPG0,Natural Gas,IM0,Imports,N9100US2,U.S. Natural Gas Imports (MMcf),307026,MMCF
2009-09,NUS-Z00,U.S.,EPG0,Natural Gas,PM0,Imports Price,N9100US3,Price of U.S. Natural Gas Imports (Dollars per Thousand Cubic Feet),2.91,$/MCF
2009-09,NUS-Z00,U.S.,EPG0,Natural Gas,EEX,Exports,N9130US2,U.S. Natural Gas Exports (MMcf),83786,MMCF
2009-09,NUS-Z00,U.S.,EPG0,Natural Gas,PEX,Exports (Price),N9130US3,Price of U.S. Natural Gas Exports (Dollars per Thousand Cubic Feet),3.43,$/MCF
2009-08,NUS-Z00,U.S.,EPG0,Natural Gas,IM0,Imports,N9100US2,U.S. Natural Gas Imports (MMcf),336848,MMCF
2009-08,NUS-Z00,U.S.,EPG0,Natural Gas,EEX,Exports,N9130US2,U.S. Natural Gas Exports (MMcf),78755,MMCF
2009-08,NUS-Z00,U.S.,EPG0,Natural Gas,PEX,Exports (Price),N9130US3,Price of U.S. Natural Gas Exports (Dollars per Thousand Cubic Feet),3.58,$/MCF
2009-08,NUS-Z00,U.S.,EPG0,Natural Gas,PM0,Imports Price,N9100US3,Price of U.S. Natural Gas Imports (Dollars per Thousand Cubic Feet),3.29,$/MCF
2009-07,NUS-Z00,U.S.,EPG0,Natural Gas,EEX,Exports,N9130US2,U.S. Natural Gas Exports (MMcf),76273,MMCF
2009-07,NUS-Z00,U.S.,EPG0,Natural Gas,PEX,Exports (Price),N9130US3,Price of U.S. Natural Gas Exports (Dollars per Thousand Cubic Feet),3.97,$/MCF
2009-07,NUS-Z00,U.S.,EPG0,Natural Gas,PM0,Imports Price,N9100US3,Price of U.S. Natural Gas Imports (Dollars per Thousand Cubic Feet),3.5,$/MCF
2009-07,NUS-Z00,U.S.,EPG0,Natural Gas,IM0,Imports,N9100US2,U.S. Natural Gas Imports (MMcf),316715,MMCF
2010-05,NUS-Z00,U.S.,EPG0,Natural Gas,PM0,Imports Price,N9100US3,Price of U.S. Natural Gas Imports (Dollars per Thousand Cubic Feet),4.13,$/MCF
2010-05,NUS-Z00,U.S.,EPG0,Natural Gas,PEX,Exports (Price),N9130US3,Price of U.S. Natural Gas Exports (Dollars per Thousand Cubic Feet),4.68,$/MCF
2010-05,NUS-Z00,U.S.,EPG0,Natural Gas,EEX,Exports,N9130US2,U.S. Natural Gas Exports (MMcf),85725,MMCF
2010-05,NUS-Z00,U.S.,EPG0,Natural Gas,IM0,Imports,N9100US2,U.S. Natural Gas Imports (MMcf),297801,MMCF
2010-04,NUS-Z00,U.S.,EPG0,Natural Gas,PM0,Imports Price,N9100US3,Price of U.S. Natural Gas Imports (Dollars per Thousand Cubic Feet),4.13,$/MCF
2010-04,NUS-Z00,U.S.,EPG0,Natural Gas,PEX,Exports (Price),N9130US3,Price of U.S. Natural Gas Exports (Dollars per Thousand Cubic Feet),4.76,$/MCF
2010-04,NUS-Z00,U.S.,EPG0,Natural Gas,IM0,Imports,N9100US2,U.S. Natural Gas Imports (MMcf),298464,MMCF
2010-04,NUS-Z00,U.S.,EPG0,Natural Gas,EEX,Exports,N9130US2,U.S. Natural Gas Exports (MMcf),75938,MMCF
2010-03,NUS-Z00,U.S.,EPG0,Natural Gas,IM0,Imports,N9100US2,U.S. Natural Gas Imports (MMcf),318769,MMCF
2010-03,NUS-Z00,U.S.,EPG0,Natural Gas,PM0,Imports Price,N9100US3,Price of U.S. Natural Gas Imports (Dollars per Thousand Cubic Feet),4.87,$/MCF
2010-03,NUS-Z00,U.S.,EPG0,Natural Gas,PEX,Exports (Price),N9130US3,Price of U.S. Natural Gas Exports (Dollars per Thousand Cubic Feet),5.1,$/MCF
2010-03,NUS-Z00,U.S.,EPG0,Natural Gas,EEX,Exports,N9130US2,U.S. Natural Gas Exports (MMcf),99574,MMCF
2010-02,NUS-Z00,U.S.,EPG0,Natural Gas,IM0,Imports,N9100US2,U.S. Natural Gas Imports (MMcf),324124,MMCF
2010-02,NUS-Z00,U.S.,EPG0,Natural Gas,PEX,Exports (Price),N9130US3,Price of U.S. Natural Gas Exports (Dollars per Thousand Cubic Feet),5.87,$/MCF
2010-02,NUS-Z00,U.S.,EPG0,Natural Gas,PM0,Imports Price,N9100US3,Price of U.S. Natural Gas Imports (Dollars per Thousand Cubic Feet),5.62,$/MCF
2010-02,NUS-Z00,U.S.,EPG0,Natural Gas,EEX,Exports,N9130US2,U.S. Natural Gas Exports (MMcf),87820,MMCF
2010-01,NUS-Z00,U.S.,EPG0,Natural Gas,PEX,Exports (Price),N9130US3,Price of U.S. Natural Gas Exports (Dollars per Thousand Cubic Feet),6.35,$/MCF
2010-01,NUS-Z00,U.S.,EPG0,Natural Gas,PM0,Imports Price,N9100US3,Price of U.S. Natural Gas Imports (Dollars per Thousand Cubic Feet),5.95,$/MCF
2010-01,NUS-Z00,U.S.,EPG0,Natural Gas,IM0,Imports,N9100US2,U.S. Natural Gas Imports (MMcf),384586,MMCF
2010-01,NUS-Z00,U.S.,EPG0,Natural Gas,EEX,Exports,N9130US2,U.S. Natural Gas Exports (MMcf),93570,MMCF
2010-11,NUS-Z00,U.S.,EPG0,Natural Gas,PM0,Imports Price,N9100US3,Price of U.S. Natural Gas Imports (Dollars per Thousand Cubic Feet),3.96,$/MCF
2010-11,NUS-Z00,U.S.,EPG0,Natural Gas,IM0,Imports,N9100US2,U.S. Natural Gas Imports (MMcf),273165,MMCF
2010-11,NUS-Z00,U.S.,EPG0,Natural Gas,EEX,Exports,N9130US2,U.S. Natural Gas Exports (MMcf),123537,MMCF
2010-11,NUS-Z00,U.S.,EPG0,Natural Gas,PEX,Exports (Price),N9130US3,Price of U.S. Natural Gas Exports (Dollars per Thousand Cubic Feet),4.42,$/MCF
2010-10,NUS-Z00,U.S.,EPG0,Natural Gas,IM0,Imports,N9100US2,U.S. Natural Gas Imports (MMcf),294744,MMCF
2010-10,NUS-Z00,U.S.,EPG0,Natural Gas,EEX,Exports,N9130US2,U.S. Natural Gas Exports (MMcf),95974,MMCF
2010-10,NUS-Z00,U.S.,EPG0,Natural Gas,PM0,Imports Price,N9100US3,Price of U.S. Natural Gas Imports (Dollars per Thousand Cubic Feet),3.83,$/MCF
2010-10,NUS-Z00,U.S.,EPG0,Natural Gas,PEX,Exports (Price),N9130US3,Price of U.S. Natural Gas Exports (Dollars per Thousand Cubic Feet),4.41,$/MCF
2010-09,NUS-Z00,U.S.,EPG0,Natural Gas,PM0,Imports Price,N9100US3,Price of U.S. Natural Gas Imports (Dollars per Thousand Cubic Feet),3.76,$/MCF
2010-09,NUS-Z00,U.S.,EPG0,Natural Gas,IM0,Imports,N9100US2,U.S. Natural Gas Imports (MMcf),281518,MMCF
2010-09,NUS-Z00,U.S.,EPG0,Natural Gas,EEX,Exports,N9130US2,U.S. Natural Gas Exports (MMcf),79475,MMCF
2010-09,NUS-Z00,U.S.,EPG0,Natural Gas,PEX,Exports (Price),N9130US3,Price of U.S. Natural Gas Exports (Dollars per Thousand Cubic Feet),4.64,$/MCF
2010-08,NUS-Z00,U.S.,EPG0,Natural Gas,PM0,Imports Price,N9100US3,Price of U.S. Natural Gas Imports (Dollars per Thousand Cubic Feet),4.13,$/MCF
2010-08,NUS-Z00,U.S.,EPG0,Natural Gas,IM0,Imports,N9100US2,U.S. Natural Gas Imports (MMcf),304901,MMCF
2010-08,NUS-Z00,U.S.,EPG0,Natural Gas,EEX,Exports,N9130US2,U.S. Natural Gas Exports (MMcf),84164,MMCF
2010-08,NUS-Z00,U.S.,EPG0,Natural Gas,PEX,Exports (Price),N9130US3,Price of U.S. Natural Gas Exports (Dollars per Thousand Cubic Feet),4.89,$/MCF
2010-07,NUS-Z00,U.S.,EPG0,Natural Gas,PEX,Exports (Price),N9130US3,Price of U.S. Natural Gas Exports (Dollars per Thousand Cubic Feet),5.25,$/MCF
2010-07,NUS-Z00,U.S.,EPG0,Natural Gas,IM0,Imports,N9100US2,U.S. Natural Gas Imports (MMcf),328655,MMCF
2010-07,NUS-Z00,U.S.,EPG0,Natural Gas,EEX,Exports,N9130US2,U.S. Natural Gas Exports (MMcf),85851,MMCF
2010-07,NUS-Z00,U.S.,EPG0,Natural Gas,PM0,Imports Price,N9100US3,Price of U.S. Natural Gas Imports (Dollars per Thousand Cubic Feet),4.4,$/MCF
2011-05,NUS-Z00,U.S.,EPG0,Natural Gas,EEX,Exports,N9130US2,U.S. Natural Gas Exports (MMcf),131797,MMCF
2011-05,NUS-Z00,U.S.,EPG0,Natural Gas,IM0,Imports,N9100US2,U.S. Natural Gas Imports (MMcf),271252,MMCF
2011-05,NUS-Z00,U.S.,EPG0,Natural Gas,PM0,Imports Price,N9100US3,Price of U.S. Natural Gas Imports (Dollars per Thousand Cubic Feet),4.31,$/MCF
2011-05,NUS-Z00,U.S.,EPG0,Natural Gas,PEX,Exports (Price),N9130US3,Price of U.S. Natural Gas Exports (Dollars per Thousand Cubic Feet),4.88,$/MCF
2011-04,NUS-Z00,U.S.,EPG0,Natural Gas,PM0,Imports Price,N9100US3,Price of U.S. Natural Gas Imports (Dollars per Thousand Cubic Feet),4.35,$/MCF
2011-04,NUS-Z00,U.S.,EPG0,Natural Gas,PEX,Exports (Price),N9130US3,Price of U.S. Natural Gas Exports (Dollars per Thousand Cubic Feet),4.78,$/MCF
2011-04,NUS-Z00,U.S.,EPG0,Natural Gas,EEX,Exports,N9130US2,U.S. Natural Gas Exports (MMcf),126374,MMCF
2011-04,NUS-Z00,U.S.,EPG0,Natural Gas,IM0,Imports,N9100US2,U.S. Natural Gas Imports (MMcf),277936,MMCF
2011-03,NUS-Z00,U.S.,EPG0,Natural Gas,PM0,Imports Price,N9100US3,Price of U.S. Natural Gas Imports (Dollars per Thousand Cubic Feet),4.24,$/MCF
2011-03,NUS-Z00,U.S.,EPG0,Natural Gas,EEX,Exports,N9130US2,U.S. Natural Gas Exports (MMcf),144360,MMCF
2011-03,NUS-Z00,U.S.,EPG0,Natural Gas,PEX,Exports (Price),N9130US3,Price of U.S. Natural Gas Exports (Dollars per Thousand Cubic Feet),4.52,$/MCF
2011-03,NUS-Z00,U.S.,EPG0,Natural Gas,IM0,Imports,N9100US2,U.S. Natural Gas Imports (MMcf),315408,MMCF
2011-02,NUS-Z00,U.S.,EPG0,Natural Gas,PEX,Exports (Price),N9130US3,Price of U.S. Natural Gas Exports (Dollars per Thousand Cubic Feet),4.79,$/MCF
2011-02,NUS-Z00,U.S.,EPG0,Natural Gas,IM0,Imports,N9100US2,U.S. Natural Gas Imports (MMcf),311154,MMCF
2011-02,NUS-Z00,U.S.,EPG0,Natural Gas,EEX,Exports,N9130US2,U.S. Natural Gas Exports (MMcf),125014,MMCF
2011-02,NUS-Z00,U.S.,EPG0,Natural Gas,PM0,Imports Price,N9100US3,Price of U.S. Natural Gas Imports (Dollars per Thousand Cubic Feet),4.49,$/MCF
2011-01,NUS-Z00,U.S.,EPG0,Natural Gas,IM0,Imports,N9100US2,U.S. Natural Gas Imports (MMcf),371919,MMCF
2011-01,NUS-Z00,U.S.,EPG0,Natural Gas,EEX,Exports,N9130US2,U.S. Natural Gas Exports (MMcf),135721,MMCF
2011-01,NUS-Z00,U.S.,EPG0,Natural Gas,PEX,Exports (Price),N9130US3,Price of U.S. Natural Gas Exports (Dollars per Thousand Cubic Feet),5.11,$/MCF
2011-01,NUS-Z00,U.S.,EPG0,Natural Gas,PM0,Imports Price,N9100US3,Price of U.S. Natural Gas Imports (Dollars per Thousand Cubic Feet),4.66,$/MCF
2011-11,NUS-Z00,U.S.,EPG0,Natural Gas,IM0,Imports,N9100US2,U.S. Natural Gas Imports (MMcf),248908,MMCF
2011-11,NUS-Z00,U.S.,EPG0,Natural Gas,PM0,Imports Price,N9100US3,Price of U.S. Natural Gas Imports (Dollars per Thousand Cubic Feet),3.58,$/MCF
2011-11,NUS-Z00,U.S.,EPG0,Natural Gas,PEX,Exports (Price),N9130US3,Price of U.S. Natural Gas Exports (Dollars per Thousand Cubic Feet),4.24,$/MCF
2011-11,NUS-Z00,U.S.,EPG0,Natural Gas,EEX,Exports,N9130US2,U.S. Natural Gas Exports (MMcf),127599,MMCF
2011-10,NUS-Z00,U.S.,EPG0,Natural Gas,IM0,Imports,N9100US2,U.S. Natural Gas Imports (MMcf),282159,MMCF
2011-10,NUS-Z00,U.S.,EPG0,Natural Gas,PM0,Imports Price,N9100US3,Price of U.S. Natural Gas Imports (Dollars per Thousand Cubic Feet),4.06,$/MCF
2011-10,NUS-Z00,U.S.,EPG0,Natural Gas,PEX,Exports (Price),N9130US3,Price of U.S. Natural Gas Exports (Dollars per Thousand Cubic Feet),4.14,$/MCF
2011-10,NUS-Z00,U.S.,EPG0,Natural Gas,EEX,Exports,N9130US2,U.S. Natural Gas Exports (MMcf),109513,MMCF
2011-09,NUS-Z00,U.S.,EPG0,Natural Gas,EEX,Exports,N9130US2,U.S. Natural Gas Exports (MMcf),126744,MMCF
2011-09,NUS-Z00,U.S.,EPG0,Natural Gas,IM0,Imports,N9100US2,U.S. Natural Gas Imports (MMcf),251846,MMCF
2011-09,NUS-Z00,U.S.,EPG0,Natural Gas,PM0,Imports Price,N9100US3,Price of U.S. Natural Gas Imports (Dollars per Thousand Cubic Feet),3.92,$/MCF
2011-09,NUS-Z00,U.S.,EPG0,Natural Gas,PEX,Exports (Price),N9130US3,Price of U.S. Natural Gas Exports (Dollars per Thousand Cubic Feet),4.87,$/MCF
2011-08,NUS-Z00,U.S.,EPG0,Natural Gas,PEX,Exports (Price),N9130US3,Price of U.S. Natural Gas Exports (Dollars per Thousand Cubic Feet),4.63,$/MCF
2011-08,NUS-Z00,U.S.,EPG0,Natural Gas,IM0,Imports,N9100US2,U.S. Natural Gas Imports (MMcf),280284,MMCF
2011-08,NUS-Z00,U.S.,EPG0,Natural Gas,EEX,Exports,N9130US2,U.S. Natural Gas Exports (MMcf),111404,MMCF
2011-08,NUS-Z00,U.S.,EPG0,Natural Gas,PM0,Imports Price,N9100US3,Price of U.S. Natural Gas Imports (Dollars per Thousand Cubic Feet),4.4,$/MCF
2011-07,NUS-Z00,U.S.,EPG0,Natural Gas,PEX,Exports (Price),N9130US3,Price of U.S. Natural Gas Exports (Dollars per Thousand Cubic Feet),4.82,$/MCF
2011-07,NUS-Z00,U.S.,EPG0,Natural Gas,PM0,Imports Price,N9100US3,Price of U.S. Natural Gas Imports (Dollars per Thousand Cubic Feet),4.39,$/MCF
2011-07,NUS-Z00,U.S.,EPG0,Natural Gas,EEX,Exports,N9130US2,U.S. Natural Gas Exports (MMcf),113280,MMCF
2011-07,NUS-Z00,U.S.,EPG0,Natural Gas,IM0,Imports,N9100US2,U.S. Natural Gas Imports (MMcf),293477,MMCF
2012-05,NUS-Z00,U.S.,EPG0,Natural Gas,IM0,Imports,N9100US2,U.S. Natural Gas Imports (MMcf),259023,MMCF
2012-05,NUS-Z00,U.S.,EPG0,Natural Gas,PM0,Imports Price,N9100US3,Price of U.S. Natural Gas Imports (Dollars per Thousand Cubic Feet),2.29,$/MCF
2012-05,NUS-Z00,U.S.,EPG0,Natural Gas,PEX,Exports (Price),N9130US3,Price of U.S. Natural Gas Exports (Dollars per Thousand Cubic Feet),2.79,$/MCF
2012-05,NUS-Z00,U.S.,EPG0,Natural Gas,EEX,Exports,N9130US2,U.S. Natural Gas Exports (MMcf),132979,MMCF
2012-04,NUS-Z00,U.S.,EPG0,Natural Gas,PM0,Imports Price,N9100US3,Price of U.S. Natural Gas Imports (Dollars per Thousand Cubic Feet),2.04,$/MCF
2012-04,NUS-Z00,U.S.,EPG0,Natural Gas,EEX,Exports,N9130US2,U.S. Natural Gas Exports (MMcf),123150,MMCF
2012-04,NUS-Z00,U.S.,EPG0,Natural Gas,PEX,Exports (Price),N9130US3,Price of U.S. Natural Gas Exports (Dollars per Thousand Cubic Feet),2.28,$/MCF
2012-04,NUS-Z00,U.S.,EPG0,Natural Gas,IM0,Imports,N9100US2,U.S. Natural Gas Imports (MMcf),243018,MMCF
2012-03,NUS-Z00,U.S.,EPG0,Natural Gas,PM0,Imports Price,N9100US3,Price of U.S. Natural Gas Imports (Dollars per Thousand Cubic Feet),2.36,$/MCF
2012-03,NUS-Z00,U.S.,EPG0,Natural Gas,PEX,Exports (Price),N9130US3,Price of U.S. Natural Gas Exports (Dollars per Thousand Cubic Feet),2.74,$/MCF
2012-03,NUS-Z00,U.S.,EPG0,Natural Gas,IM0,Imports,N9100US2,U.S. Natural Gas Imports (MMcf),265152,MMCF
2012-03,NUS-Z00,U.S.,EPG0,Natural Gas,EEX,Exports,N9130US2,U.S. Natural Gas Exports (MMcf),141164,MMCF
2012-02,NUS-Z00,U.S.,EPG0,Natural Gas,IM0,Imports,N9100US2,U.S. Natural Gas Imports (MMcf),269906,MMCF
2012-02,NUS-Z00,U.S.,EPG0,Natural Gas,PM0,Imports Price,N9100US3,Price of U.S. Natural Gas Imports (Dollars per Thousand Cubic Feet),2.86,$/MCF
2012-02,NUS-Z00,U.S.,EPG0,Natural Gas,EEX,Exports,N9130US2,U.S. Natural Gas Exports (MMcf),130175,MMCF
2012-02,NUS-Z00,U.S.,EPG0,Natural Gas,PEX,Exports (Price),N9130US3,Price of U.S. Natural Gas Exports (Dollars per Thousand Cubic Feet),3.06,$/MCF
2012-01,NUS-Z00,U.S.,EPG0,Natural Gas,EEX,Exports,N9130US2,U.S. Natural Gas Exports (MMcf),130464,MMCF
2012-01,NUS-Z00,U.S.,EPG0,Natural Gas,PEX,Exports (Price),N9130US3,Price of U.S. Natural Gas Exports (Dollars per Thousand Cubic Feet),3.66,$/MCF
2012-01,NUS-Z00,U.S.,EPG0,Natural Gas,PM0,Imports Price,N9100US3,Price of U.S. Natural Gas Imports (Dollars per Thousand Cubic Feet),3.27,$/MCF
2012-01,NUS-Z00,U.S.,EPG0,Natural Gas,IM0,Imports,N9100US2,U.S. Natural Gas Imports (MMcf),281131,MMCF
2012-11,NUS-Z00,U.S.,EPG0,Natural Gas,PM0,Imports Price,N9100US3,Price of U.S. Natural Gas Imports (Dollars per Thousand Cubic Feet),4.03,$/MCF
2012-11,NUS-Z00,U.S.,EPG0,Natural Gas,PEX,Exports (Price),N9130US3,Price of U.S. Natural Gas Exports (Dollars per Thousand Cubic Feet),3.96,$/MCF
2012-11,NUS-Z00,U.S.,EPG0,Natural Gas,EEX,Exports,N9130US2,U.S. Natural Gas Exports (MMcf),142299,MMCF
2012-11,NUS-Z00,U.S.,EPG0,Natural Gas,IM0,Imports,N9100US2,U.S. Natural Gas Imports (MMcf),233853,MMCF
2012-10,NUS-Z00,U.S.,EPG0,Natural Gas,PM0,Imports Price,N9100US3,Price of U.S. Natural Gas Imports (Dollars per Thousand Cubic Feet),3.16,$/MCF
2012-10,NUS-Z00,U.S.,EPG0,Natural Gas,EEX,Exports,N9130US2,U.S. Natural Gas Exports (MMcf),139930,MMCF
2012-10,NUS-Z00,U.S.,EPG0,Natural Gas,IM0,Imports,N9100US2,U.S. Natural Gas Imports (MMcf),253402,MMCF
2012-10,NUS-Z00,U.S.,EPG0,Natural Gas,PEX,Exports (Price),N9130US3,Price of U.S. Natural Gas Exports (Dollars per Thousand Cubic Feet),3.71,$/MCF
2012-09,NUS-Z00,U.S.,EPG0,Natural Gas,IM0,Imports,N9100US2,U.S. Natural Gas Imports (MMcf),257990,MMCF
2012-09,NUS-Z00,U.S.,EPG0,Natural Gas,PM0,Imports Price,N9100US3,Price of U.S. Natural Gas Imports (Dollars per Thousand Cubic Feet),2.67,$/MCF
2012-09,NUS-Z00,U.S.,EPG0,Natural Gas,EEX,Exports,N9130US2,U.S. Natural Gas Exports (MMcf),137374,MMCF
2012-09,NUS-Z00,U.S.,EPG0,Natural Gas,PEX,Exports (Price),N9130US3,Price of U.S. Natural Gas Exports (Dollars per Thousand Cubic Feet),3,$/MCF
2012-08,NUS-Z00,U.S.,EPG0,Natural Gas,IM0,Imports,N9100US2,U.S. Natural Gas Imports (MMcf),281350,MMCF
2012-08,NUS-Z00,U.S.,EPG0,Natural Gas,EEX,Exports,N9130US2,U.S. Natural Gas Exports (MMcf),139248,MMCF
2012-08,NUS-Z00,U.S.,EPG0,Natural Gas,PM0,Imports Price,N9100US3,Price of U.S. Natural Gas Imports (Dollars per Thousand Cubic Feet),2.83,$/MCF
2012-08,NUS-Z00,U.S.,EPG0,Natural Gas,PEX,Exports (Price),N9130US3,Price of U.S. Natural Gas Exports (Dollars per Thousand Cubic Feet),3.35,$/MCF
2012-07,NUS-Z00,U.S.,EPG0,Natural Gas,EEX,Exports,N9130US2,U.S. Natural Gas Exports (MMcf),118367,MMCF
2012-07,NUS-Z00,U.S.,EPG0,Natural Gas,PEX,Exports (Price),N9130US3,Price of U.S. Natural Gas Exports (Dollars per Thousand Cubic Feet),3.05,$/MCF
2012-07,NUS-Z00,U.S.,EPG0,Natural Gas,IM0,Imports,N9100US2,U.S. Natural Gas Imports (MMcf),281166,MMCF
2012-07,NUS-Z00,U.S.,EPG0,Natural Gas,PM0,Imports Price,N9100US3,Price of U.S. Natural Gas Imports (Dollars per Thousand Cubic Feet),2.78,$/MCF
2013-05,NUS-Z00,U.S.,EPG0,Natural Gas,IM0,Imports,N9100US2,U.S. Natural Gas Imports (MMcf),234183,MMCF
2013-05,NUS-Z00,U.S.,EPG0,Natural Gas,EEX,Exports,N9130US2,U.S. Natural Gas Exports (MMcf),142071,MMCF
2013-05,NUS-Z00,U.S.,EPG0,Natural Gas,PM0,Imports Price,N9100US3,Price of U.S. Natural Gas Imports (Dollars per Thousand Cubic Feet),3.94,$/MCF
2013-05,NUS-Z00,U.S.,EPG0,Natural Gas,PEX,Exports (Price),N9130US3,Price of U.S. Natural Gas Exports (Dollars per Thousand Cubic Feet),4.38,$/MCF
2013-04,NUS-Z00,U.S.,EPG0,Natural Gas,PM0,Imports Price,N9100US3,Price of U.S. Natural Gas Imports (Dollars per Thousand Cubic Feet),3.98,$/MCF
2013-04,NUS-Z00,U.S.,EPG0,Natural Gas,IM0,Imports,N9100US2,U.S. Natural Gas Imports (MMcf),220608,MMCF
2013-04,NUS-Z00,U.S.,EPG0,Natural Gas,EEX,Exports,N9130US2,U.S. Natural Gas Exports (MMcf),125771,MMCF
2013-04,NUS-Z00,U.S.,EPG0,Natural Gas,PEX,Exports (Price),N9130US3,Price of U.S. Natural Gas Exports (Dollars per Thousand Cubic Feet),4.43,$/MCF
2013-03,NUS-Z00,U.S.,EPG0,Natural Gas,IM0,Imports,N9100US2,U.S. Natural Gas Imports (MMcf),248290,MMCF
2013-03,NUS-Z00,U.S.,EPG0,Natural Gas,PM0,Imports Price,N9100US3,Price of U.S. Natural Gas Imports (Dollars per Thousand Cubic Feet),3.84,$/MCF
2013-03,NUS-Z00,U.S.,EPG0,Natural Gas,PEX,Exports (Price),N9130US3,Price of U.S. Natural Gas Exports (Dollars per Thousand Cubic Feet),4.05,$/MCF
2013-03,NUS-Z00,U.S.,EPG0,Natural Gas,EEX,Exports,N9130US2,U.S. Natural Gas Exports (MMcf),148544,MMCF
2013-02,NUS-Z00,U.S.,EPG0,Natural Gas,PM0,Imports Price,N9100US3,Price of U.S. Natural Gas Imports (Dollars per Thousand Cubic Feet),3.99,$/MCF
2013-02,NUS-Z00,U.S.,EPG0,Natural Gas,PEX,Exports (Price),N9130US3,Price of U.S. Natural Gas Exports (Dollars per Thousand Cubic Feet),3.84,$/MCF
2013-02,NUS-Z00,U.S.,EPG0,Natural Gas,IM0,Imports,N9100US2,U.S. Natural Gas Imports (MMcf),236875,MMCF
2013-02,NUS-Z00,U.S.,EPG0,Natural Gas,EEX,Exports,N9130US2,U.S. Natural Gas Exports (MMcf),133003,MMCF
2013-01,NUS-Z00,U.S.,EPG0,Natural Gas,PM0,Imports Price,N9100US3,Price of U.S. Natural Gas Imports (Dollars per Thousand Cubic Feet),4.14,$/MCF
2013-01,NUS-Z00,U.S.,EPG0,Natural Gas,PEX,Exports (Price),N9130US3,Price of U.S. Natural Gas Exports (Dollars per Thousand Cubic Feet),3.9,$/MCF
2013-01,NUS-Z00,U.S.,EPG0,Natural Gas,EEX,Exports,N9130US2,U.S. Natural Gas Exports (MMcf),154442,MMCF
2013-01,NUS-Z00,U.S.,EPG0,Natural Gas,IM0,Imports,N9100US2,U.S. Natural Gas Imports (MMcf),278078,MMCF
2013-11,NUS-Z00,U.S.,EPG0,Natural Gas,IM0,Imports,N9100US2,U.S. Natural Gas Imports (MMcf),218693,MMCF
2013-11,NUS-Z00,U.S.,EPG0,Natural Gas,EEX,Exports,N9130US2,U.S. Natural Gas Exports (MMcf),113682,MMCF
2013-11,NUS-Z00,U.S.,EPG0,Natural Gas,PEX,Exports (Price),N9130US3,Price of U.S. Natural Gas Exports (Dollars per Thousand Cubic Feet),4.15,$/MCF
2013-11,NUS-Z00,U.S.,EPG0,Natural Gas,PM0,Imports Price,N9100US3,Price of U.S. Natural Gas Imports (Dollars per Thousand Cubic Feet),3.77,$/MCF
2013-10,NUS-Z00,U.S.,EPG0,Natural Gas,EEX,Exports,N9130US2,U.S. Natural Gas Exports (MMcf),122406,MMCF
2013-10,NUS-Z00,U.S.,EPG0,Natural Gas,PEX,Exports (Price),N9130US3,Price of U.S. Natural Gas Exports (Dollars per Thousand Cubic Feet),3.88,$/MCF
2013-10,NUS-Z00,U.S.,EPG0,Natural Gas,PM0,Imports Price,N9100US3,Price of U.S. Natural Gas Imports (Dollars per Thousand Cubic Feet),3.4,$/MCF
2013-10,NUS-Z00,U.S.,EPG0,Natural Gas,IM0,Imports,N9100US2,U.S. Natural Gas Imports (MMcf),220430,MMCF
2013-09,NUS-Z00,U.S.,EPG0,Natural Gas,EEX,Exports,N9130US2,U.S. Natural Gas Exports (MMcf),122421,MMCF
2013-09,NUS-Z00,U.S.,EPG0,Natural Gas,PM0,Imports Price,N9100US3,Price of U.S. Natural Gas Imports (Dollars per Thousand Cubic Feet),3.49,$/MCF
2013-09,NUS-Z00,U.S.,EPG0,Natural Gas,PEX,Exports (Price),N9130US3,Price of U.S. Natural Gas Exports (Dollars per Thousand Cubic Feet),3.88,$/MCF
2013-09,NUS-Z00,U.S.,EPG0,Natural Gas,IM0,Imports,N9100US2,U.S. Natural Gas Imports (MMcf),243881,MMCF
2013-08,NUS-Z00,U.S.,EPG0,Natural Gas,IM0,Imports,N9100US2,U.S. Natural Gas Imports (MMcf),236248,MMCF
2013-08,NUS-Z00,U.S.,EPG0,Natural Gas,EEX,Exports,N9130US2,U.S. Natural Gas Exports (MMcf),130324,MMCF
2013-08,NUS-Z00,U.S.,EPG0,Natural Gas,PM0,Imports Price,N9100US3,Price of U.S. Natural Gas Imports (Dollars per Thousand Cubic Feet),3.17,$/MCF
2013-08,NUS-Z00,U.S.,EPG0,Natural Gas,PEX,Exports (Price),N9130US3,Price of U.S. Natural Gas Exports (Dollars per Thousand Cubic Feet),3.75,$/MCF
2013-07,NUS-Z00,U.S.,EPG0,Natural Gas,PM0,Imports Price,N9100US3,Price of U.S. Natural Gas Imports (Dollars per Thousand Cubic Feet),3.41,$/MCF
2013-07,NUS-Z00,U.S.,EPG0,Natural Gas,IM0,Imports,N9100US2,U.S. Natural Gas Imports (MMcf),236199,MMCF
2013-07,NUS-Z00,U.S.,EPG0,Natural Gas,EEX,Exports,N9130US2,U.S. Natural Gas Exports (MMcf),128612,MMCF
2013-07,NUS-Z00,U.S.,EPG0,Natural Gas,PEX,Exports (Price),N9130US3,Price of U.S. Natural Gas Exports (Dollars per Thousand Cubic Feet),3.94,$/MCF
2014-05,NUS-Z00,U.S.,EPG0,Natural Gas,EEX,Exports,N9130US2,U.S. Natural Gas Exports (MMcf),114105,MMCF
2014-05,NUS-Z00,U.S.,EPG0,Natural Gas,PM0,Imports Price,N9100US3,Price of U.S. Natural Gas Imports (Dollars per Thousand Cubic Feet),4.6,$/MCF
2014-05,NUS-Z00,U.S.,EPG0,Natural Gas,PEX,Exports (Price),N9130US3,Price of U.S. Natural Gas Exports (Dollars per Thousand Cubic Feet),5.01,$/MCF
2014-05,NUS-Z00,U.S.,EPG0,Natural Gas,IM0,Imports,N9100US2,U.S. Natural Gas Imports (MMcf),206657,MMCF
2014-04,NUS-Z00,U.S.,EPG0,Natural Gas,EEX,Exports,N9130US2,U.S. Natural Gas Exports (MMcf),121928,MMCF
2014-04,NUS-Z00,U.S.,EPG0,Natural Gas,PM0,Imports Price,N9100US3,Price of U.S. Natural Gas Imports (Dollars per Thousand Cubic Feet),5.11,$/MCF
2014-04,NUS-Z00,U.S.,EPG0,Natural Gas,IM0,Imports,N9100US2,U.S. Natural Gas Imports (MMcf),200669,MMCF
2014-04,NUS-Z00,U.S.,EPG0,Natural Gas,PEX,Exports (Price),N9130US3,Price of U.S. Natural Gas Exports (Dollars per Thousand Cubic Feet),4.93,$/MCF
2014-03,NUS-Z00,U.S.,EPG0,Natural Gas,IM0,Imports,N9100US2,U.S. Natural Gas Imports (MMcf),234189,MMCF
2014-03,NUS-Z00,U.S.,EPG0,Natural Gas,PM0,Imports Price,N9100US3,Price of U.S. Natural Gas Imports (Dollars per Thousand Cubic Feet),8.12,$/MCF
2014-03,NUS-Z00,U.S.,EPG0,Natural Gas,PEX,Exports (Price),N9130US3,Price of U.S. Natural Gas Exports (Dollars per Thousand Cubic Feet),8.2,$/MCF
2014-03,NUS-Z00,U.S.,EPG0,Natural Gas,EEX,Exports,N9130US2,U.S. Natural Gas Exports (MMcf),149508,MMCF
2014-02,NUS-Z00,U.S.,EPG0,Natural Gas,IM0,Imports,N9100US2,U.S. Natural Gas Imports (MMcf),245422,MMCF
2014-02,NUS-Z00,U.S.,EPG0,Natural Gas,PEX,Exports (Price),N9130US3,Price of U.S. Natural Gas Exports (Dollars per Thousand Cubic Feet),9.56,$/MCF
2014-02,NUS-Z00,U.S.,EPG0,Natural Gas,PM0,Imports Price,N9100US3,Price of U.S. Natural Gas Imports (Dollars per Thousand Cubic Feet),9.11,$/MCF
2014-02,NUS-Z00,U.S.,EPG0,Natural Gas,EEX,Exports,N9130US2,U.S. Natural Gas Exports (MMcf),138550,MMCF
2014-01,NUS-Z00,U.S.,EPG0,Natural Gas,PM0,Imports Price,N9100US3,Price of U.S. Natural Gas Imports (Dollars per Thousand Cubic Feet),7.15,$/MCF
2014-01,NUS-Z00,U.S.,EPG0,Natural Gas,PEX,Exports (Price),N9130US3,Price of U.S. Natural Gas Exports (Dollars per Thousand Cubic Feet),5.82,$/MCF
2014-01,NUS-Z00,U.S.,EPG0,Natural Gas,IM0,Imports,N9100US2,U.S. Natural Gas Imports (MMcf),295356,MMCF
2014-01,NUS-Z00,U.S.,EPG0,Natural Gas,EEX,Exports,N9130US2,U.S. Natural Gas Exports (MMcf),134807,MMCF
2014-11,NUS-Z00,U.S.,EPG0,Natural Gas,PM0,Imports Price,N9100US3,Price of U.S. Natural Gas Imports (Dollars per Thousand Cubic Feet),3.97,$/MCF
2014-11,NUS-Z00,U.S.,EPG0,Natural Gas,IM0,Imports,N9100US2,U.S. Natural Gas Imports (MMcf),227485,MMCF
2014-11,NUS-Z00,U.S.,EPG0,Natural Gas,PEX,Exports (Price),N9130US3,Price of U.S. Natural Gas Exports (Dollars per Thousand Cubic Feet),4.44,$/MCF
2014-11,NUS-Z00,U.S.,EPG0,Natural Gas,EEX,Exports,N9130US2,U.S. Natural Gas Exports (MMcf),120861,MMCF
2014-10,NUS-Z00,U.S.,EPG0,Natural Gas,EEX,Exports,N9130US2,U.S. Natural Gas Exports (MMcf),115069,MMCF
2014-10,NUS-Z00,U.S.,EPG0,Natural Gas,PM0,Imports Price,N9100US3,Price of U.S. Natural Gas Imports (Dollars per Thousand Cubic Feet),3.87,$/MCF
2014-10,NUS-Z00,U.S.,EPG0,Natural Gas,PEX,Exports (Price),N9130US3,Price of U.S. Natural Gas Exports (Dollars per Thousand Cubic Feet),4.37,$/MCF
2014-10,NUS-Z00,U.S.,EPG0,Natural Gas,IM0,Imports,N9100US2,U.S. Natural Gas Imports (MMcf),220858,MMCF
2014-09,NUS-Z00,U.S.,EPG0,Natural Gas,IM0,Imports,N9100US2,U.S. Natural Gas Imports (MMcf),201622,MMCF
2014-09,NUS-Z00,U.S.,EPG0,Natural Gas,EEX,Exports,N9130US2,U.S. Natural Gas Exports (MMcf),119891,MMCF
2014-09,NUS-Z00,U.S.,EPG0,Natural Gas,PM0,Imports Price,N9100US3,Price of U.S. Natural Gas Imports (Dollars per Thousand Cubic Feet),4.24,$/MCF
2014-09,NUS-Z00,U.S.,EPG0,Natural Gas,PEX,Exports (Price),N9130US3,Price of U.S. Natural Gas Exports (Dollars per Thousand Cubic Feet),4.41,$/MCF
2014-08,NUS-Z00,U.S.,EPG0,Natural Gas,PEX,Exports (Price),N9130US3,Price of U.S. Natural Gas Exports (Dollars per Thousand Cubic Feet),4.38,$/MCF
2014-08,NUS-Z00,U.S.,EPG0,Natural Gas,IM0,Imports,N9100US2,U.S. Natural Gas Imports (MMcf),206554,MMCF
2014-08,NUS-Z00,U.S.,EPG0,Natural Gas,EEX,Exports,N9130US2,U.S. Natural Gas Exports (MMcf),115376,MMCF
2014-08,NUS-Z00,U.S.,EPG0,Natural Gas,PM0,Imports Price,N9100US3,Price of U.S. Natural Gas Imports (Dollars per Thousand Cubic Feet),3.87,$/MCF
2014-07,NUS-Z00,U.S.,EPG0,Natural Gas,EEX,Exports,N9130US2,U.S. Natural Gas Exports (MMcf),127301,MMCF
2014-07,NUS-Z00,U.S.,EPG0,Natural Gas,PEX,Exports (Price),N9130US3,Price of U.S. Natural Gas Exports (Dollars per Thousand Cubic Feet),4.74,$/MCF
2014-07,NUS-Z00,U.S.,EPG0,Natural Gas,IM0,Imports,N9100US2,U.S. Natural Gas Imports (MMcf),201176,MMCF
2014-07,NUS-Z00,U.S.,EPG0,Natural Gas,PM0,Imports Price,N9100US3,Price of U.S. Natural Gas Imports (Dollars per Thousand Cubic Feet),4.77,$/MCF
2015-05,NUS-Z00,U.S.,EPG0,Natural Gas,IM0,Imports,N9100US2,U.S. Natural Gas Imports (MMcf),204348,MMCF
2015-05,NUS-Z00,U.S.,EPG0,Natural Gas,PEX,Exports (Price),N9130US3,Price of U.S. Natural Gas Exports (Dollars per Thousand Cubic Feet),2.95,$/MCF
2015-05,NUS-Z00,U.S.,EPG0,Natural Gas,PM0,Imports Price,N9100US3,Price of U.S. Natural Gas Imports (Dollars per Thousand Cubic Feet),2.52,$/MCF
2015-05,NUS-Z00,U.S.,EPG0,Natural Gas,EEX,Exports,N9130US2,U.S. Natural Gas Exports (MMcf),134274,MMCF
2015-04,NUS-Z00,U.S.,EPG0,Natural Gas,EEX,Exports,N9130US2,U.S. Natural Gas Exports (MMcf),130328,MMCF
2015-04,NUS-Z00,U.S.,EPG0,Natural Gas,IM0,Imports,N9100US2,U.S. Natural Gas Imports (MMcf),205120,MMCF
2015-04,NUS-Z00,U.S.,EPG0,Natural Gas,PM0,Imports Price,N9100US3,Price of U.S. Natural Gas Imports (Dollars per Thousand Cubic Feet),2.59,$/MCF
2015-04,NUS-Z00,U.S.,EPG0,Natural Gas,PEX,Exports (Price),N9130US3,Price of U.S. Natural Gas Exports (Dollars per Thousand Cubic Feet),2.83,$/MCF
2015-03,NUS-Z00,U.S.,EPG0,Natural Gas,EEX,Exports,N9130US2,U.S. Natural Gas Exports (MMcf),163967,MMCF
2015-03,NUS-Z00,U.S.,EPG0,Natural Gas,IM0,Imports,N9100US2,U.S. Natural Gas Imports (MMcf),257274,MMCF
2015-03,NUS-Z00,U.S.,EPG0,Natural Gas,PEX,Exports (Price),N9130US3,Price of U.S. Natural Gas Exports (Dollars per Thousand Cubic Feet),3.41,$/MCF
2015-03,NUS-Z00,U.S.,EPG0,Natural Gas,PM0,Imports Price,N9100US3,Price of U.S. Natural Gas Imports (Dollars per Thousand Cubic Feet),3.9,$/MCF
2015-02,NUS-Z00,U.S.,EPG0,Natural Gas,IM0,Imports,N9100US2,U.S. Natural Gas Imports (MMcf),254230,MMCF
2015-02,NUS-Z00,U.S.,EPG0,Natural Gas,EEX,Exports,N9130US2,U.S. Natural Gas Exports (MMcf),144955,MMCF
2015-02,NUS-Z00,U.S.,EPG0,Natural Gas,PEX,Exports (Price),N9130US3,Price of U.S. Natural Gas Exports (Dollars per Thousand Cubic Feet),3.98,$/MCF
2015-02,NUS-Z00,U.S.,EPG0,Natural Gas,PM0,Imports Price,N9100US3,Price of U.S. Natural Gas Imports (Dollars per Thousand Cubic Feet),5.46,$/MCF
2015-01,NUS-Z00,U.S.,EPG0,Natural Gas,EEX,Exports,N9130US2,U.S. Natural Gas Exports (MMcf),144522,MMCF
2015-01,NUS-Z00,U.S.,EPG0,Natural Gas,PEX,Exports (Price),N9130US3,Price of U.S. Natural Gas Exports (Dollars per Thousand Cubic Feet),3.78,$/MCF
2015-01,NUS-Z00,U.S.,EPG0,Natural Gas,PM0,Imports Price,N9100US3,Price of U.S. Natural Gas Imports (Dollars per Thousand Cubic Feet),4.75,$/MCF
2015-01,NUS-Z00,U.S.,EPG0,Natural Gas,IM0,Imports,N9100US2,U.S. Natural Gas Imports (MMcf),279397,MMCF
2015-11,NUS-Z00,U.S.,EPG0,Natural Gas,PM0,Imports Price,N9100US3,Price of U.S. Natural Gas Imports (Dollars per Thousand Cubic Feet),2.4,$/MCF
2015-11,NUS-Z00,U.S.,EPG0,Natural Gas,PEX,Exports (Price),N9130US3,Price of U.S. Natural Gas Exports (Dollars per Thousand Cubic Feet),2.63,$/MCF
2015-11,NUS-Z00,U.S.,EPG0,Natural Gas,IM0,Imports,N9100US2,U.S. Natural Gas Imports (MMcf),218242,MMCF
2015-11,NUS-Z00,U.S.,EPG0,Natural Gas,EEX,Exports,N9130US2,U.S. Natural Gas Exports (MMcf),155739,MMCF
2015-10,NUS-Z00,U.S.,EPG0,Natural Gas,PEX,Exports (Price),N9130US3,Price of U.S. Natural Gas Exports (Dollars per Thousand Cubic Feet),2.73,$/MCF
2015-10,NUS-Z00,U.S.,EPG0,Natural Gas,IM0,Imports,N9100US2,U.S. Natural Gas Imports (MMcf),226286,MMCF
2015-10,NUS-Z00,U.S.,EPG0,Natural Gas,PM0,Imports Price,N9100US3,Price of U.S. Natural Gas Imports (Dollars per Thousand Cubic Feet),3.23,$/MCF
2015-10,NUS-Z00,U.S.,EPG0,Natural Gas,EEX,Exports,N9130US2,U.S. Natural Gas Exports (MMcf),158517,MMCF
2015-09,NUS-Z00,U.S.,EPG0,Natural Gas,IM0,Imports,N9100US2,U.S. Natural Gas Imports (MMcf),208818,MMCF
2015-09,NUS-Z00,U.S.,EPG0,Natural Gas,PM0,Imports Price,N9100US3,Price of U.S. Natural Gas Imports (Dollars per Thousand Cubic Feet),2.75,$/MCF
2015-09,NUS-Z00,U.S.,EPG0,Natural Gas,PEX,Exports (Price),N9130US3,Price of U.S. Natural Gas Exports (Dollars per Thousand Cubic Feet),2.92,$/MCF
2015-09,NUS-Z00,U.S.,EPG0,Natural Gas,EEX,Exports,N9130US2,U.S. Natural Gas Exports (MMcf),162573,MMCF
2015-08,NUS-Z00,U.S.,EPG0,Natural Gas,PM0,Imports Price,N9100US3,Price of U.S. Natural Gas Imports (Dollars per Thousand Cubic Feet),2.74,$/MCF
2015-08,NUS-Z00,U.S.,EPG0,Natural Gas,PEX,Exports (Price),N9130US3,Price of U.S. Natural Gas Exports (Dollars per Thousand Cubic Feet),3.09,$/MCF
2015-08,NUS-Z00,U.S.,EPG0,Natural Gas,EEX,Exports,N9130US2,U.S. Natural Gas Exports (MMcf),144885,MMCF
2015-08,NUS-Z00,U.S.,EPG0,Natural Gas,IM0,Imports,N9100US2,U.S. Natural Gas Imports (MMcf),213875,MMCF
2015-07,NUS-Z00,U.S.,EPG0,Natural Gas,IM0,Imports,N9100US2,U.S. Natural Gas Imports (MMcf),216973,MMCF
2015-07,NUS-Z00,U.S.,EPG0,Natural Gas,EEX,Exports,N9130US2,U.S. Natural Gas Exports (MMcf),143820,MMCF
2015-07,NUS-Z00,U.S.,EPG0,Natural Gas,PEX,Exports (Price),N9130US3,Price of U.S. Natural Gas Exports (Dollars per Thousand Cubic Feet),3.06,$/MCF
2015-07,NUS-Z00,U.S.,EPG0,Natural Gas,PM0,Imports Price,N9100US3,Price of U.S. Natural Gas Imports (Dollars per Thousand Cubic Feet),2.66,$/MCF
2016-05,NUS-Z00,U.S.,EPG0,Natural Gas,IM0,Imports,N9100US2,U.S. Natural Gas Imports (MMcf),248317,MMCF
2016-05,NUS-Z00,U.S.,EPG0,Natural Gas,PM0,Imports Price,N9100US3,Price of U.S. Natural Gas Imports (Dollars per Thousand Cubic Feet),1.55,$/MCF
2016-05,NUS-Z00,U.S.,EPG0,Natural Gas,EEX,Exports,N9130US2,U.S. Natural Gas Exports (MMcf),188274,MMCF
2016-05,NUS-Z00,U.S.,EPG0,Natural Gas,PEX,Exports (Price),N9130US3,Price of U.S. Natural Gas Exports (Dollars per Thousand Cubic Feet),2.15,$/MCF
2016-04,NUS-Z00,U.S.,EPG0,Natural Gas,PEX,Exports (Price),N9130US3,Price of U.S. Natural Gas Exports (Dollars per Thousand Cubic Feet),2.15,$/MCF
2016-04,NUS-Z00,U.S.,EPG0,Natural Gas,EEX,Exports,N9130US2,U.S. Natural Gas Exports (MMcf),177853,MMCF
2016-04,NUS-Z00,U.S.,EPG0,Natural Gas,IM0,Imports,N9100US2,U.S. Natural Gas Imports (MMcf),241317,MMCF
2016-04,NUS-Z00,U.S.,EPG0,Natural Gas,PM0,Imports Price,N9100US3,Price of U.S. Natural Gas Imports (Dollars per Thousand Cubic Feet),1.61,$/MCF
2016-03,NUS-Z00,U.S.,EPG0,Natural Gas,PM0,Imports Price,N9100US3,Price of U.S. Natural Gas Imports (Dollars per Thousand Cubic Feet),1.73,$/MCF
2016-03,NUS-Z00,U.S.,EPG0,Natural Gas,PEX,Exports (Price),N9130US3,Price of U.S. Natural Gas Exports (Dollars per Thousand Cubic Feet),2.04,$/MCF
2016-03,NUS-Z00,U.S.,EPG0,Natural Gas,EEX,Exports,N9130US2,U.S. Natural Gas Exports (MMcf),194915,MMCF
2016-03,NUS-Z00,U.S.,EPG0,Natural Gas,IM0,Imports,N9100US2,U.S. Natural Gas Imports (MMcf),240764,MMCF
2016-02,NUS-Z00,U.S.,EPG0,Natural Gas,IM0,Imports,N9100US2,U.S. Natural Gas Imports (MMcf),251775,MMCF
2016-02,NUS-Z00,U.S.,EPG0,Natural Gas,PM0,Imports Price,N9100US3,Price of U.S. Natural Gas Imports (Dollars per Thousand Cubic Feet),2.43,$/MCF
2016-02,NUS-Z00,U.S.,EPG0,Natural Gas,EEX,Exports,N9130US2,U.S. Natural Gas Exports (MMcf),162757,MMCF
2016-02,NUS-Z00,U.S.,EPG0,Natural Gas,PEX,Exports (Price),N9130US3,Price of U.S. Natural Gas Exports (Dollars per Thousand Cubic Feet),2.28,$/MCF
2016-01,NUS-Z00,U.S.,EPG0,Natural Gas,PEX,Exports (Price),N9130US3,Price of U.S. Natural Gas Exports (Dollars per Thousand Cubic Feet),2.54,$/MCF
2016-01,NUS-Z00,U.S.,EPG0,Natural Gas,PM0,Imports Price,N9100US3,Price of U.S. Natural Gas Imports (Dollars per Thousand Cubic Feet),2.8,$/MCF
2016-01,NUS-Z00,U.S.,EPG0,Natural Gas,EEX,Exports,N9130US2,U.S. Natural Gas Exports (MMcf),168521,MMCF
2016-01,NUS-Z00,U.S.,EPG0,Natural Gas,IM0,Imports,N9100US2,U.S. Natural Gas Imports (MMcf),273600,MMCF
2016-11,NUS-Z00,U.S.,EPG0,Natural Gas,IM0,Imports,N9100US2,U.S. Natural Gas Imports (MMcf),231044,MMCF
2016-11,NUS-Z00,U.S.,EPG0,Natural Gas,PEX,Exports (Price),N9130US3,Price of U.S. Natural Gas Exports (Dollars per Thousand Cubic Feet),3,$/MCF
2016-11,NUS-Z00,U.S.,EPG0,Natural Gas,PM0,Imports Price,N9100US3,Price of U.S. Natural Gas Imports (Dollars per Thousand Cubic Feet),2.7,$/MCF
2016-11,NUS-Z00,U.S.,EPG0,Natural Gas,EEX,Exports,N9130US2,U.S. Natural Gas Exports (MMcf),227919,MMCF
2016-10,NUS-Z00,U.S.,EPG0,Natural Gas,PM0,Imports Price,N9100US3,Price of U.S. Natural Gas Imports (Dollars per Thousand Cubic Feet),2.59,$/MCF
2016-10,NUS-Z00,U.S.,EPG0,Natural Gas,PEX,Exports (Price),N9130US3,Price of U.S. Natural Gas Exports (Dollars per Thousand Cubic Feet),3.06,$/MCF
2016-10,NUS-Z00,U.S.,EPG0,Natural Gas,IM0,Imports,N9100US2,U.S. Natural Gas Imports (MMcf),231449,MMCF
2016-10,NUS-Z00,U.S.,EPG0,Natural Gas,EEX,Exports,N9130US2,U.S. Natural Gas Exports (MMcf),176466,MMCF
2016-09,NUS-Z00,U.S.,EPG0,Natural Gas,PM0,Imports Price,N9100US3,Price of U.S. Natural Gas Imports (Dollars per Thousand Cubic Feet),2.47,$/MCF
2016-09,NUS-Z00,U.S.,EPG0,Natural Gas,IM0,Imports,N9100US2,U.S. Natural Gas Imports (MMcf),238491,MMCF
2016-09,NUS-Z00,U.S.,EPG0,Natural Gas,EEX,Exports,N9130US2,U.S. Natural Gas Exports (MMcf),201986,MMCF
2016-09,NUS-Z00,U.S.,EPG0,Natural Gas,PEX,Exports (Price),N9130US3,Price of U.S. Natural Gas Exports (Dollars per Thousand Cubic Feet),3.16,$/MCF
2016-08,NUS-Z00,U.S.,EPG0,Natural Gas,EEX,Exports,N9130US2,U.S. Natural Gas Exports (MMcf),214226,MMCF
2016-08,NUS-Z00,U.S.,EPG0,Natural Gas,PM0,Imports Price,N9100US3,Price of U.S. Natural Gas Imports (Dollars per Thousand Cubic Feet),2.42,$/MCF
2016-08,NUS-Z00,U.S.,EPG0,Natural Gas,PEX,Exports (Price),N9130US3,Price of U.S. Natural Gas Exports (Dollars per Thousand Cubic Feet),3.13,$/MCF
2016-08,NUS-Z00,U.S.,EPG0,Natural Gas,IM0,Imports,N9100US2,U.S. Natural Gas Imports (MMcf),261983,MMCF
2016-07,NUS-Z00,U.S.,EPG0,Natural Gas,EEX,Exports,N9130US2,U.S. Natural Gas Exports (MMcf),188682,MMCF
2016-07,NUS-Z00,U.S.,EPG0,Natural Gas,PM0,Imports Price,N9100US3,Price of U.S. Natural Gas Imports (Dollars per Thousand Cubic Feet),2.35,$/MCF
2016-07,NUS-Z00,U.S.,EPG0,Natural Gas,PEX,Exports (Price),N9130US3,Price of U.S. Natural Gas Exports (Dollars per Thousand Cubic Feet),3.02,$/MCF
2016-07,NUS-Z00,U.S.,EPG0,Natural Gas,IM0,Imports,N9100US2,U.S. Natural Gas Imports (MMcf),265022,MMCF
2017-05,NUS-Z00,U.S.,EPG0,Natural Gas,EEX,Exports,N9130US2,U.S. Natural Gas Exports (MMcf),248867,MMCF
2017-05,NUS-Z00,U.S.,EPG0,Natural Gas,PM0,Imports Price,N9100US3,Price of U.S. Natural Gas Imports (Dollars per Thousand Cubic Feet),2.7,$/MCF
2017-05,NUS-Z00,U.S.,EPG0,Natural Gas,PEX,Exports (Price),N9130US3,Price of U.S. Natural Gas Exports (Dollars per Thousand Cubic Feet),3.57,$/MCF
2017-05,NUS-Z00,U.S.,EPG0,Natural Gas,IM0,Imports,N9100US2,U.S. Natural Gas Imports (MMcf),244353,MMCF
2017-04,NUS-Z00,U.S.,EPG0,Natural Gas,IM0,Imports,N9100US2,U.S. Natural Gas Imports (MMcf),238279,MMCF
2017-04,NUS-Z00,U.S.,EPG0,Natural Gas,PM0,Imports Price,N9100US3,Price of U.S. Natural Gas Imports (Dollars per Thousand Cubic Feet),2.64,$/MCF
2017-04,NUS-Z00,U.S.,EPG0,Natural Gas,EEX,Exports,N9130US2,U.S. Natural Gas Exports (MMcf),242424,MMCF
2017-04,NUS-Z00,U.S.,EPG0,Natural Gas,PEX,Exports (Price),N9130US3,Price of U.S. Natural Gas Exports (Dollars per Thousand Cubic Feet),3.65,$/MCF
2017-03,NUS-Z00,U.S.,EPG0,Natural Gas,EEX,Exports,N9130US2,U.S. Natural Gas Exports (MMcf),273345,MMCF
2017-03,NUS-Z00,U.S.,EPG0,Natural Gas,PEX,Exports (Price),N9130US3,Price of U.S. Natural Gas Exports (Dollars per Thousand Cubic Feet),3.21,$/MCF
2017-03,NUS-Z00,U.S.,EPG0,Natural Gas,PM0,Imports Price,N9100US3,Price of U.S. Natural Gas Imports (Dollars per Thousand Cubic Feet),2.68,$/MCF
2017-03,NUS-Z00,U.S.,EPG0,Natural Gas,IM0,Imports,N9100US2,U.S. Natural Gas Imports (MMcf),280567,MMCF
2017-02,NUS-Z00,U.S.,EPG0,Natural Gas,IM0,Imports,N9100US2,U.S. Natural Gas Imports (MMcf),254597,MMCF
2017-02,NUS-Z00,U.S.,EPG0,Natural Gas,EEX,Exports,N9130US2,U.S. Natural Gas Exports (MMcf),253227,MMCF
2017-02,NUS-Z00,U.S.,EPG0,Natural Gas,PEX,Exports (Price),N9130US3,Price of U.S. Natural Gas Exports (Dollars per Thousand Cubic Feet),3.8,$/MCF
2017-02,NUS-Z00,U.S.,EPG0,Natural Gas,PM0,Imports Price,N9100US3,Price of U.S. Natural Gas Imports (Dollars per Thousand Cubic Feet),3.14,$/MCF
2017-01,NUS-Z00,U.S.,EPG0,Natural Gas,EEX,Exports,N9130US2,U.S. Natural Gas Exports (MMcf),269960,MMCF
2017-01,NUS-Z00,U.S.,EPG0,Natural Gas,PM0,Imports Price,N9100US3,Price of U.S. Natural Gas Imports (Dollars per Thousand Cubic Feet),3.74,$/MCF
2017-01,NUS-Z00,U.S.,EPG0,Natural Gas,IM0,Imports,N9100US2,U.S. Natural Gas Imports (MMcf),291656,MMCF
2017-01,NUS-Z00,U.S.,EPG0,Natural Gas,PEX,Exports (Price),N9130US3,Price of U.S. Natural Gas Exports (Dollars per Thousand Cubic Feet),4.26,$/MCF
2017-11,NUS-Z00,U.S.,EPG0,Natural Gas,IM0,Imports,N9100US2,U.S. Natural Gas Imports (MMcf),240314,MMCF
2017-11,NUS-Z00,U.S.,EPG0,Natural Gas,PM0,Imports Price,N9100US3,Price of U.S. Natural Gas Imports (Dollars per Thousand Cubic Feet),2.53,$/MCF
2017-11,NUS-Z00,U.S.,EPG0,Natural Gas,EEX,Exports,N9130US2,U.S. Natural Gas Exports (MMcf),287727,MMCF
2017-11,NUS-Z00,U.S.,EPG0,Natural Gas,PEX,Exports (Price),N9130US3,Price of U.S. Natural Gas Exports (Dollars per Thousand Cubic Feet),3.54,$/MCF
2017-10,NUS-Z00,U.S.,EPG0,Natural Gas,EEX,Exports,N9130US2,U.S. Natural Gas Exports (MMcf),279775,MMCF
2017-10,NUS-Z00,U.S.,EPG0,Natural Gas,IM0,Imports,N9100US2,U.S. Natural Gas Imports (MMcf),241338,MMCF
2017-10,NUS-Z00,U.S.,EPG0,Natural Gas,PM0,Imports Price,N9100US3,Price of U.S. Natural Gas Imports (Dollars per Thousand Cubic Feet),2.06,$/MCF
2017-10,NUS-Z00,U.S.,EPG0,Natural Gas,PEX,Exports (Price),N9130US3,Price of U.S. Natural Gas Exports (Dollars per Thousand Cubic Feet),3.37,$/MCF
2017-09,NUS-Z00,U.S.,EPG0,Natural Gas,PM0,Imports Price,N9100US3,Price of U.S. Natural Gas Imports (Dollars per Thousand Cubic Feet),2.12,$/MCF
2017-09,NUS-Z00,U.S.,EPG0,Natural Gas,IM0,Imports,N9100US2,U.S. Natural Gas Imports (MMcf),229444,MMCF
2017-09,NUS-Z00,U.S.,EPG0,Natural Gas,EEX,Exports,N9130US2,U.S. Natural Gas Exports (MMcf),248916,MMCF
2017-09,NUS-Z00,U.S.,EPG0,Natural Gas,PEX,Exports (Price),N9130US3,Price of U.S. Natural Gas Exports (Dollars per Thousand Cubic Feet),3.3,$/MCF
2017-08,NUS-Z00,U.S.,EPG0,Natural Gas,IM0,Imports,N9100US2,U.S. Natural Gas Imports (MMcf),247888,MMCF
2017-08,NUS-Z00,U.S.,EPG0,Natural Gas,EEX,Exports,N9130US2,U.S. Natural Gas Exports (MMcf),247302,MMCF
2017-08,NUS-Z00,U.S.,EPG0,Natural Gas,PEX,Exports (Price),N9130US3,Price of U.S. Natural Gas Exports (Dollars per Thousand Cubic Feet),3.27,$/MCF
2017-08,NUS-Z00,U.S.,EPG0,Natural Gas,PM0,Imports Price,N9100US3,Price of U.S. Natural Gas Imports (Dollars per Thousand Cubic Feet),2.38,$/MCF
2017-07,NUS-Z00,U.S.,EPG0,Natural Gas,PM0,Imports Price,N9100US3,Price of U.S. Natural Gas Imports (Dollars per Thousand Cubic Feet),2.4,$/MCF
2017-07,NUS-Z00,U.S.,EPG0,Natural Gas,EEX,Exports,N9130US2,U.S. Natural Gas Exports (MMcf),248801,MMCF
2017-07,NUS-Z00,U.S.,EPG0,Natural Gas,PEX,Exports (Price),N9130US3,Price of U.S. Natural Gas Exports (Dollars per Thousand Cubic Feet),3.37,$/MCF
2017-07,NUS-Z00,U.S.,EPG0,Natural Gas,IM0,Imports,N9100US2,U.S. Natural Gas Imports (MMcf),250508,MMCF
2018-05,NUS-Z00,U.S.,EPG0,Natural Gas,IM0,Imports,N9100US2,U.S. Natural Gas Imports (MMcf),227168,MMCF
2018-05,NUS-Z00,U.S.,EPG0,Natural Gas,PEX,Exports (Price),N9130US3,Price of U.S. Natural Gas Exports (Dollars per Thousand Cubic Feet),3.7,$/MCF
2018-05,NUS-Z00,U.S.,EPG0,Natural Gas,EEX,Exports,N9130US2,U.S. Natural Gas Exports (MMcf),272116,MMCF
2018-05,NUS-Z00,U.S.,EPG0,Natural Gas,PM0,Imports Price,N9100US3,Price of U.S. Natural Gas Imports (Dollars per Thousand Cubic Feet),1.73,$/MCF
2018-04,NUS-Z00,U.S.,EPG0,Natural Gas,PM0,Imports Price,N9100US3,Price of U.S. Natural Gas Imports (Dollars per Thousand Cubic Feet),2.2,$/MCF
2018-04,NUS-Z00,U.S.,EPG0,Natural Gas,EEX,Exports,N9130US2,U.S. Natural Gas Exports (MMcf),278941,MMCF
2018-04,NUS-Z00,U.S.,EPG0,Natural Gas,PEX,Exports (Price),N9130US3,Price of U.S. Natural Gas Exports (Dollars per Thousand Cubic Feet),3.46,$/MCF
2018-04,NUS-Z00,U.S.,EPG0,Natural Gas,IM0,Imports,N9100US2,U.S. Natural Gas Imports (MMcf),242264,MMCF
2018-03,NUS-Z00,U.S.,EPG0,Natural Gas,EEX,Exports,N9130US2,U.S. Natural Gas Exports (MMcf),291468,MMCF
2018-03,NUS-Z00,U.S.,EPG0,Natural Gas,PM0,Imports Price,N9100US3,Price of U.S. Natural Gas Imports (Dollars per Thousand Cubic Feet),2.45,$/MCF
2018-03,NUS-Z00,U.S.,EPG0,Natural Gas,PEX,Exports (Price),N9130US3,Price of U.S. Natural Gas Exports (Dollars per Thousand Cubic Feet),3.37,$/MCF
2018-03,NUS-Z00,U.S.,EPG0,Natural Gas,IM0,Imports,N9100US2,U.S. Natural Gas Imports (MMcf),270762,MMCF
2018-02,NUS-Z00,U.S.,EPG0,Natural Gas,IM0,Imports,N9100US2,U.S. Natural Gas Imports (MMcf),237417,MMCF
2018-02,NUS-Z00,U.S.,EPG0,Natural Gas,PEX,Exports (Price),N9130US3,Price of U.S. Natural Gas Exports (Dollars per Thousand Cubic Feet),3.93,$/MCF
2018-02,NUS-Z00,U.S.,EPG0,Natural Gas,EEX,Exports,N9130US2,U.S. Natural Gas Exports (MMcf),275652,MMCF
2018-02,NUS-Z00,U.S.,EPG0,Natural Gas,PM0,Imports Price,N9100US3,Price of U.S. Natural Gas Imports (Dollars per Thousand Cubic Feet),3.02,$/MCF
2018-01,NUS-Z00,U.S.,EPG0,Natural Gas,IM0,Imports,N9100US2,U.S. Natural Gas Imports (MMcf),299891,MMCF
2018-01,NUS-Z00,U.S.,EPG0,Natural Gas,PEX,Exports (Price),N9130US3,Price of U.S. Natural Gas Exports (Dollars per Thousand Cubic Feet),3.97,$/MCF
2018-01,NUS-Z00,U.S.,EPG0,Natural Gas,PM0,Imports Price,N9100US3,Price of U.S. Natural Gas Imports (Dollars per Thousand Cubic Feet),4.41,$/MCF
2018-01,NUS-Z00,U.S.,EPG0,Natural Gas,EEX,Exports,N9130US2,U.S. Natural Gas Exports (MMcf),300234,MMCF
2018-11,NUS-Z00,U.S.,EPG0,Natural Gas,EEX,Exports,N9130US2,U.S. Natural Gas Exports (MMcf),337789,MMCF
2018-11,NUS-Z00,U.S.,EPG0,Natural Gas,IM0,Imports,N9100US2,U.S. Natural Gas Imports (MMcf),212486,MMCF
2018-11,NUS-Z00,U.S.,EPG0,Natural Gas,PM0,Imports Price,N9100US3,Price of U.S. Natural Gas Imports (Dollars per Thousand Cubic Feet),4.1,$/MCF
2018-11,NUS-Z00,U.S.,EPG0,Natural Gas,PEX,Exports (Price),N9130US3,Price of U.S. Natural Gas Exports (Dollars per Thousand Cubic Feet),4.46,$/MCF
2018-10,NUS-Z00,U.S.,EPG0,Natural Gas,PM0,Imports Price,N9100US3,Price of U.S. Natural Gas Imports (Dollars per Thousand Cubic Feet),2.61,$/MCF
2018-10,NUS-Z00,U.S.,EPG0,Natural Gas,PEX,Exports (Price),N9130US3,Price of U.S. Natural Gas Exports (Dollars per Thousand Cubic Feet),3.76,$/MCF
2018-10,NUS-Z00,U.S.,EPG0,Natural Gas,EEX,Exports,N9130US2,U.S. Natural Gas Exports (MMcf),306653,MMCF
2018-10,NUS-Z00,U.S.,EPG0,Natural Gas,IM0,Imports,N9100US2,U.S. Natural Gas Imports (MMcf),215128,MMCF
2018-09,NUS-Z00,U.S.,EPG0,Natural Gas,EEX,Exports,N9130US2,U.S. Natural Gas Exports (MMcf),301742,MMCF
2018-09,NUS-Z00,U.S.,EPG0,Natural Gas,PM0,Imports Price,N9100US3,Price of U.S. Natural Gas Imports (Dollars per Thousand Cubic Feet),2.09,$/MCF
2018-09,NUS-Z00,U.S.,EPG0,Natural Gas,IM0,Imports,N9100US2,U.S. Natural Gas Imports (MMcf),214074,MMCF
2018-09,NUS-Z00,U.S.,EPG0,Natural Gas,PEX,Exports (Price),N9130US3,Price of U.S. Natural Gas Exports (Dollars per Thousand Cubic Feet),3.47,$/MCF
2018-08,NUS-Z00,U.S.,EPG0,Natural Gas,EEX,Exports,N9130US2,U.S. Natural Gas Exports (MMcf),311449,MMCF
2018-08,NUS-Z00,U.S.,EPG0,Natural Gas,PEX,Exports (Price),N9130US3,Price of U.S. Natural Gas Exports (Dollars per Thousand Cubic Feet),3.78,$/MCF
2018-08,NUS-Z00,U.S.,EPG0,Natural Gas,IM0,Imports,N9100US2,U.S. Natural Gas Imports (MMcf),237025,MMCF
2018-08,NUS-Z00,U.S.,EPG0,Natural Gas,PM0,Imports Price,N9100US3,Price of U.S. Natural Gas Imports (Dollars per Thousand Cubic Feet),2.22,$/MCF
2018-07,NUS-Z00,U.S.,EPG0,Natural Gas,EEX,Exports,N9130US2,U.S. Natural Gas Exports (MMcf),305997,MMCF
2018-07,NUS-Z00,U.S.,EPG0,Natural Gas,IM0,Imports,N9100US2,U.S. Natural Gas Imports (MMcf),247012,MMCF
2018-07,NUS-Z00,U.S.,EPG0,Natural Gas,PEX,Exports (Price),N9130US3,Price of U.S. Natural Gas Exports (Dollars per Thousand Cubic Feet),3.72,$/MCF
2018-07,NUS-Z00,U.S.,EPG0,Natural Gas,PM0,Imports Price,N9100US3,Price of U.S. Natural Gas Imports (Dollars per Thousand Cubic Feet),2.16,$/MCF
2019-05,NUS-Z00,U.S.,EPG0,Natural Gas,EEX,Exports,N9130US2,U.S. Natural Gas Exports (MMcf),368568,MMCF
2019-05,NUS-Z00,U.S.,EPG0,Natural Gas,PM0,Imports Price,N9100US3,Price of U.S. Natural Gas Imports (Dollars per Thousand Cubic Feet),1.81,$/MCF
2019-05,NUS-Z00,U.S.,EPG0,Natural Gas,PEX,Exports (Price),N9130US3,Price of U.S. Natural Gas Exports (Dollars per Thousand Cubic Feet),3.51,$/MCF
2019-05,NUS-Z00,U.S.,EPG0,Natural Gas,IM0,Imports,N9100US2,U.S. Natural Gas Imports (MMcf),207651,MMCF
2019-04,NUS-Z00,U.S.,EPG0,Natural Gas,PEX,Exports (Price),N9130US3,Price of U.S. Natural Gas Exports (Dollars per Thousand Cubic Feet),3.32,$/MCF
2019-04,NUS-Z00,U.S.,EPG0,Natural Gas,IM0,Imports,N9100US2,U.S. Natural Gas Imports (MMcf),206559,MMCF
2019-04,NUS-Z00,U.S.,EPG0,Natural Gas,PM0,Imports Price,N9100US3,Price of U.S. Natural Gas Imports (Dollars per Thousand Cubic Feet),2.14,$/MCF
2019-04,NUS-Z00,U.S.,EPG0,Natural Gas,EEX,Exports,N9130US2,U.S. Natural Gas Exports (MMcf),338213,MMCF
2019-03,NUS-Z00,U.S.,EPG0,Natural Gas,PM0,Imports Price,N9100US3,Price of U.S. Natural Gas Imports (Dollars per Thousand Cubic Feet),3.79,$/MCF
2019-03,NUS-Z00,U.S.,EPG0,Natural Gas,PEX,Exports (Price),N9130US3,Price of U.S. Natural Gas Exports (Dollars per Thousand Cubic Feet),3.68,$/MCF
2019-03,NUS-Z00,U.S.,EPG0,Natural Gas,EEX,Exports,N9130US2,U.S. Natural Gas Exports (MMcf),373539,MMCF
2019-03,NUS-Z00,U.S.,EPG0,Natural Gas,IM0,Imports,N9100US2,U.S. Natural Gas Imports (MMcf),252989,MMCF
2019-02,NUS-Z00,U.S.,EPG0,Natural Gas,EEX,Exports,N9130US2,U.S. Natural Gas Exports (MMcf),329954,MMCF
2019-02,NUS-Z00,U.S.,EPG0,Natural Gas,PM0,Imports Price,N9100US3,Price of U.S. Natural Gas Imports (Dollars per Thousand Cubic Feet),4.06,$/MCF
2019-02,NUS-Z00,U.S.,EPG0,Natural Gas,PEX,Exports (Price),N9130US3,Price of U.S. Natural Gas Exports (Dollars per Thousand Cubic Feet),3.76,$/MCF
2019-02,NUS-Z00,U.S.,EPG0,Natural Gas,IM0,Imports,N9100US2,U.S. Natural Gas Imports (MMcf),233344,MMCF
2019-01,NUS-Z00,U.S.,EPG0,Natural Gas,PEX,Exports (Price),N9130US3,Price of U.S. Natural Gas Exports (Dollars per Thousand Cubic Feet),4.39,$/MCF
2019-01,NUS-Z00,U.S.,EPG0,Natural Gas,PM0,Imports Price,N9100US3,Price of U.S. Natural Gas Imports (Dollars per Thousand Cubic Feet),4.3,$/MCF
2019-01,NUS-Z00,U.S.,EPG0,Natural Gas,EEX,Exports,N9130US2,U.S. Natural Gas Exports (MMcf),364787,MMCF
2019-01,NUS-Z00,U.S.,EPG0,Natural Gas,IM0,Imports,N9100US2,U.S. Natural Gas Imports (MMcf),290886,MMCF
2019-11,NUS-Z00,U.S.,EPG0,Natural Gas,PM0,Imports Price,N9100US3,Price of U.S. Natural Gas Imports (Dollars per Thousand Cubic Feet),2.8,$/MCF
2019-11,NUS-Z00,U.S.,EPG0,Natural Gas,EEX,Exports,N9130US2,U.S. Natural Gas Exports (MMcf),441944,MMCF
2019-11,NUS-Z00,U.S.,EPG0,Natural Gas,IM0,Imports,N9100US2,U.S. Natural Gas Imports (MMcf),223765,MMCF
2019-11,NUS-Z00,U.S.,EPG0,Natural Gas,PEX,Exports (Price),N9130US3,Price of U.S. Natural Gas Exports (Dollars per Thousand Cubic Feet),4.03,$/MCF
2019-10,NUS-Z00,U.S.,EPG0,Natural Gas,IM0,Imports,N9100US2,U.S. Natural Gas Imports (MMcf),210537,MMCF
2019-10,NUS-Z00,U.S.,EPG0,Natural Gas,PM0,Imports Price,N9100US3,Price of U.S. Natural Gas Imports (Dollars per Thousand Cubic Feet),2.15,$/MCF
2019-10,NUS-Z00,U.S.,EPG0,Natural Gas,EEX,Exports,N9130US2,U.S. Natural Gas Exports (MMcf),425775,MMCF
2019-10,NUS-Z00,U.S.,EPG0,Natural Gas,PEX,Exports (Price),N9130US3,Price of U.S. Natural Gas Exports (Dollars per Thousand Cubic Feet),3.55,$/MCF
2019-09,NUS-Z00,U.S.,EPG0,Natural Gas,PEX,Exports (Price),N9130US3,Price of U.S. Natural Gas Exports (Dollars per Thousand Cubic Feet),3.56,$/MCF
2019-09,NUS-Z00,U.S.,EPG0,Natural Gas,EEX,Exports,N9130US2,U.S. Natural Gas Exports (MMcf),394511,MMCF
2019-09,NUS-Z00,U.S.,EPG0,Natural Gas,PM0,Imports Price,N9100US3,Price of U.S. Natural Gas Imports (Dollars per Thousand Cubic Feet),1.65,$/MCF
2019-09,NUS-Z00,U.S.,EPG0,Natural Gas,IM0,Imports,N9100US2,U.S. Natural Gas Imports (MMcf),208286,MMCF
2019-08,NUS-Z00,U.S.,EPG0,Natural Gas,PM0,Imports Price,N9100US3,Price of U.S. Natural Gas Imports (Dollars per Thousand Cubic Feet),1.73,$/MCF
2019-08,NUS-Z00,U.S.,EPG0,Natural Gas,PEX,Exports (Price),N9130US3,Price of U.S. Natural Gas Exports (Dollars per Thousand Cubic Feet),3.23,$/MCF
2019-08,NUS-Z00,U.S.,EPG0,Natural Gas,IM0,Imports,N9100US2,U.S. Natural Gas Imports (MMcf),220076,MMCF
2019-08,NUS-Z00,U.S.,EPG0,Natural Gas,EEX,Exports,N9130US2,U.S. Natural Gas Exports (MMcf),384983,MMCF
2019-07,NUS-Z00,U.S.,EPG0,Natural Gas,PM0,Imports Price,N9100US3,Price of U.S. Natural Gas Imports (Dollars per Thousand Cubic Feet),1.86,$/MCF
2019-07,NUS-Z00,U.S.,EPG0,Natural Gas,IM0,Imports,N9100US2,U.S. Natural Gas Imports (MMcf),230407,MMCF
2019-07,NUS-Z00,U.S.,EPG0,Natural Gas,PEX,Exports (Price),N9130US3,Price of U.S. Natural Gas Exports (Dollars per Thousand Cubic Feet),3.47,$/MCF
2019-07,NUS-Z00,U.S.,EPG0,Natural Gas,EEX,Exports,N9130US2,U.S. Natural Gas Exports (MMcf),393400,MMCF
2020-05,NUS-Z00,U.S.,EPG0,Natural Gas,EEX,Exports,N9130US2,U.S. Natural Gas Exports (MMcf),395472,MMCF
2020-05,NUS-Z00,U.S.,EPG0,Natural Gas,PEX,Exports (Price),N9130US3,Price of U.S. Natural Gas Exports (Dollars per Thousand Cubic Feet),3.61,$/MCF
2020-05,NUS-Z00,U.S.,EPG0,Natural Gas,PM0,Imports Price,N9100US3,Price of U.S. Natural Gas Imports (Dollars per Thousand Cubic Feet),1.63,$/MCF
2020-05,NUS-Z00,U.S.,EPG0,Natural Gas,IM0,Imports,N9100US2,U.S. Natural Gas Imports (MMcf),186518,MMCF
2020-04,NUS-Z00,U.S.,EPG0,Natural Gas,EEX,Exports,N9130US2,U.S. Natural Gas Exports (MMcf),420767,MMCF
2020-04,NUS-Z00,U.S.,EPG0,Natural Gas,PEX,Exports (Price),N9130US3,Price of U.S. Natural Gas Exports (Dollars per Thousand Cubic Feet),3.21,$/MCF
2020-04,NUS-Z00,U.S.,EPG0,Natural Gas,IM0,Imports,N9100US2,U.S. Natural Gas Imports (MMcf),190049,MMCF
2020-04,NUS-Z00,U.S.,EPG0,Natural Gas,PM0,Imports Price,N9100US3,Price of U.S. Natural Gas Imports (Dollars per Thousand Cubic Feet),1.5,$/MCF
2020-03,NUS-Z00,U.S.,EPG0,Natural Gas,EEX,Exports,N9130US2,U.S. Natural Gas Exports (MMcf),497437,MMCF
2020-03,NUS-Z00,U.S.,EPG0,Natural Gas,PM0,Imports Price,N9100US3,Price of U.S. Natural Gas Imports (Dollars per Thousand Cubic Feet),1.68,$/MCF
2020-03,NUS-Z00,U.S.,EPG0,Natural Gas,IM0,Imports,N9100US2,U.S. Natural Gas Imports (MMcf),213231,MMCF
2020-03,NUS-Z00,U.S.,EPG0,Natural Gas,PEX,Exports (Price),N9130US3,Price of U.S. Natural Gas Exports (Dollars per Thousand Cubic Feet),3.3,$/MCF
2020-02,NUS-Z00,U.S.,EPG0,Natural Gas,EEX,Exports,N9130US2,U.S. Natural Gas Exports (MMcf),454245,MMCF
2020-02,NUS-Z00,U.S.,EPG0,Natural Gas,PM0,Imports Price,N9100US3,Price of U.S. Natural Gas Imports (Dollars per Thousand Cubic Feet),2.04,$/MCF
2020-02,NUS-Z00,U.S.,EPG0,Natural Gas,PEX,Exports (Price),N9130US3,Price of U.S. Natural Gas Exports (Dollars per Thousand Cubic Feet),3.51,$/MCF
2020-02,NUS-Z00,U.S.,EPG0,Natural Gas,IM0,Imports,N9100US2,U.S. Natural Gas Imports (MMcf),238328,MMCF
2020-01,NUS-Z00,U.S.,EPG0,Natural Gas,EEX,Exports,N9130US2,U.S. Natural Gas Exports (MMcf),510444,MMCF
2020-01,NUS-Z00,U.S.,EPG0,Natural Gas,IM0,Imports,N9100US2,U.S. Natural Gas Imports (MMcf),262080,MMCF
2020-01,NUS-Z00,U.S.,EPG0,Natural Gas,PEX,Exports (Price),N9130US3,Price of U.S. Natural Gas Exports (Dollars per Thousand Cubic Feet),3.74,$/MCF
2020-01,NUS-Z00,U.S.,EPG0,Natural Gas,PM0,Imports Price,N9100US3,Price of U.S. Natural Gas Imports (Dollars per Thousand Cubic Feet),2.64,$/MCF
2020-11,NUS-Z00,U.S.,EPG0,Natural Gas,PEX,Exports (Price),N9130US3,Price of U.S. Natural Gas Exports (Dollars per Thousand Cubic Feet),4.77,$/MCF
2020-11,NUS-Z00,U.S.,EPG0,Natural Gas,PM0,Imports Price,N9100US3,Price of U.S. Natural Gas Imports (Dollars per Thousand Cubic Feet),2.71,$/MCF
2020-11,NUS-Z00,U.S.,EPG0,Natural Gas,IM0,Imports,N9100US2,U.S. Natural Gas Imports (MMcf),211570,MMCF
2020-11,NUS-Z00,U.S.,EPG0,Natural Gas,EEX,Exports,N9130US2,U.S. Natural Gas Exports (MMcf),528210,MMCF
2020-10,NUS-Z00,U.S.,EPG0,Natural Gas,IM0,Imports,N9100US2,U.S. Natural Gas Imports (MMcf),199306,MMCF
2020-10,NUS-Z00,U.S.,EPG0,Natural Gas,PM0,Imports Price,N9100US3,Price of U.S. Natural Gas Imports (Dollars per Thousand Cubic Feet),2.19,$/MCF
2020-10,NUS-Z00,U.S.,EPG0,Natural Gas,EEX,Exports,N9130US2,U.S. Natural Gas Exports (MMcf),481621,MMCF
2020-10,NUS-Z00,U.S.,EPG0,Natural Gas,PEX,Exports (Price),N9130US3,Price of U.S. Natural Gas Exports (Dollars per Thousand Cubic Feet),3.85,$/MCF
2020-09,NUS-Z00,U.S.,EPG0,Natural Gas,EEX,Exports,N9130US2,U.S. Natural Gas Exports (MMcf),395424,MMCF
2020-09,NUS-Z00,U.S.,EPG0,Natural Gas,PM0,Imports Price,N9100US3,Price of U.S. Natural Gas Imports (Dollars per Thousand Cubic Feet),2.02,$/MCF
2020-09,NUS-Z00,U.S.,EPG0,Natural Gas,PEX,Exports (Price),N9130US3,Price of U.S. Natural Gas Exports (Dollars per Thousand Cubic Feet),3.49,$/MCF
2020-09,NUS-Z00,U.S.,EPG0,Natural Gas,IM0,Imports,N9100US2,U.S. Natural Gas Imports (MMcf),174225,MMCF
2020-08,NUS-Z00,U.S.,EPG0,Natural Gas,PEX,Exports (Price),N9130US3,Price of U.S. Natural Gas Exports (Dollars per Thousand Cubic Feet),3.28,$/MCF
2020-08,NUS-Z00,U.S.,EPG0,Natural Gas,EEX,Exports,N9130US2,U.S. Natural Gas Exports (MMcf),360230,MMCF
2020-08,NUS-Z00,U.S.,EPG0,Natural Gas,PM0,Imports Price,N9100US3,Price of U.S. Natural Gas Imports (Dollars per Thousand Cubic Feet),1.89,$/MCF
2020-08,NUS-Z00,U.S.,EPG0,Natural Gas,IM0,Imports,N9100US2,U.S. Natural Gas Imports (MMcf),211352,MMCF
2020-07,NUS-Z00,U.S.,EPG0,Natural Gas,EEX,Exports,N9130US2,U.S. Natural Gas Exports (MMcf),349167,MMCF
2020-07,NUS-Z00,U.S.,EPG0,Natural Gas,PM0,Imports Price,N9100US3,Price of U.S. Natural Gas Imports (Dollars per Thousand Cubic Feet),1.65,$/MCF
2020-07,NUS-Z00,U.S.,EPG0,Natural Gas,IM0,Imports,N9100US2,U.S. Natural Gas Imports (MMcf),210419,MMCF
2020-07,NUS-Z00,U.S.,EPG0,Natural Gas,PEX,Exports (Price),N9130US3,Price of U.S. Natural Gas Exports (Dollars per Thousand Cubic Feet),2.9,$/MCF
2021-05,NUS-Z00,U.S.,EPG0,Natural Gas,PEX,Exports (Price),N9130US3,Price of U.S. Natural Gas Exports (Dollars per Thousand Cubic Feet),4.89,$/MCF
2021-05,NUS-Z00,U.S.,EPG0,Natural Gas,EEX,Exports,N9130US2,U.S. Natural Gas Exports (MMcf),578056,MMCF
2021-05,NUS-Z00,U.S.,EPG0,Natural Gas,IM0,Imports,N9100US2,U.S. Natural Gas Imports (MMcf),204890,MMCF
2021-05,NUS-Z00,U.S.,EPG0,Natural Gas,PM0,Imports Price,N9100US3,Price of U.S. Natural Gas Imports (Dollars per Thousand Cubic Feet),2.7,$/MCF
2021-04,NUS-Z00,U.S.,EPG0,Natural Gas,IM0,Imports,N9100US2,U.S. Natural Gas Imports (MMcf),208369,MMCF
2021-04,NUS-Z00,U.S.,EPG0,Natural Gas,EEX,Exports,N9130US2,U.S. Natural Gas Exports (MMcf),564333,MMCF
2021-04,NUS-Z00,U.S.,EPG0,Natural Gas,PEX,Exports (Price),N9130US3,Price of U.S. Natural Gas Exports (Dollars per Thousand Cubic Feet),4.46,$/MCF
2021-04,NUS-Z00,U.S.,EPG0,Natural Gas,PM0,Imports Price,N9100US3,Price of U.S. Natural Gas Imports (Dollars per Thousand Cubic Feet),2.44,$/MCF
2021-03,NUS-Z00,U.S.,EPG0,Natural Gas,PEX,Exports (Price),N9130US3,Price of U.S. Natural Gas Exports (Dollars per Thousand Cubic Feet),4.71,$/MCF
2021-03,NUS-Z00,U.S.,EPG0,Natural Gas,PM0,Imports Price,N9100US3,Price of U.S. Natural Gas Imports (Dollars per Thousand Cubic Feet),2.66,$/MCF
2021-03,NUS-Z00,U.S.,EPG0,Natural Gas,IM0,Imports,N9100US2,U.S. Natural Gas Imports (MMcf),238724,MMCF
2021-03,NUS-Z00,U.S.,EPG0,Natural Gas,EEX,Exports,N9130US2,U.S. Natural Gas Exports (MMcf),595411,MMCF
2021-02,NUS-Z00,U.S.,EPG0,Natural Gas,PM0,Imports Price,N9100US3,Price of U.S. Natural Gas Imports (Dollars per Thousand Cubic Feet),5.63,$/MCF
2021-02,NUS-Z00,U.S.,EPG0,Natural Gas,PEX,Exports (Price),N9130US3,Price of U.S. Natural Gas Exports (Dollars per Thousand Cubic Feet),12.68,$/MCF
2021-02,NUS-Z00,U.S.,EPG0,Natural Gas,IM0,Imports,N9100US2,U.S. Natural Gas Imports (MMcf),271877,MMCF
2021-02,NUS-Z00,U.S.,EPG0,Natural Gas,EEX,Exports,N9130US2,U.S. Natural Gas Exports (MMcf),424004,MMCF
2021-01,NUS-Z00,U.S.,EPG0,Natural Gas,PEX,Exports (Price),N9130US3,Price of U.S. Natural Gas Exports (Dollars per Thousand Cubic Feet),4.62,$/MCF
2021-01,NUS-Z00,U.S.,EPG0,Natural Gas,EEX,Exports,N9130US2,U.S. Natural Gas Exports (MMcf),563515,MMCF
2021-01,NUS-Z00,U.S.,EPG0,Natural Gas,IM0,Imports,N9100US2,U.S. Natural Gas Imports (MMcf),284065,MMCF
2021-01,NUS-Z00,U.S.,EPG0,Natural Gas,PM0,Imports Price,N9100US3,Price of U.S. Natural Gas Imports (Dollars per Thousand Cubic Feet),2.86,$/MCF
2021-11,NUS-Z00,U.S.,EPG0,Natural Gas,IM0,Imports,N9100US2,U.S. Natural Gas Imports (MMcf),242405,MMCF
2021-11,NUS-Z00,U.S.,EPG0,Natural Gas,PM0,Imports Price,N9100US3,Price of U.S. Natural Gas Imports (Dollars per Thousand Cubic Feet),5.18,$/MCF
2021-11,NUS-Z00,U.S.,EPG0,Natural Gas,PEX,Exports (Price),N9130US3,Price of U.S. Natural Gas Exports (Dollars per Thousand Cubic Feet),8.1,$/MCF
2021-11,NUS-Z00,U.S.,EPG0,Natural Gas,EEX,Exports,N9130US2,U.S. Natural Gas Exports (MMcf),556982,MMCF
2021-10,NUS-Z00,U.S.,EPG0,Natural Gas,IM0,Imports,N9100US2,U.S. Natural Gas Imports (MMcf),228203,MMCF
2021-10,NUS-Z00,U.S.,EPG0,Natural Gas,PM0,Imports Price,N9100US3,Price of U.S. Natural Gas Imports (Dollars per Thousand Cubic Feet),4.79,$/MCF
2021-10,NUS-Z00,U.S.,EPG0,Natural Gas,PEX,Exports (Price),N9130US3,Price of U.S. Natural Gas Exports (Dollars per Thousand Cubic Feet),7.97,$/MCF
2021-10,NUS-Z00,U.S.,EPG0,Natural Gas,EEX,Exports,N9130US2,U.S. Natural Gas Exports (MMcf),545055,MMCF
2021-09,NUS-Z00,U.S.,EPG0,Natural Gas,IM0,Imports,N9100US2,U.S. Natural Gas Imports (MMcf),220206,MMCF
2021-09,NUS-Z00,U.S.,EPG0,Natural Gas,EEX,Exports,N9130US2,U.S. Natural Gas Exports (MMcf),535583,MMCF
2021-09,NUS-Z00,U.S.,EPG0,Natural Gas,PM0,Imports Price,N9100US3,Price of U.S. Natural Gas Imports (Dollars per Thousand Cubic Feet),4.07,$/MCF
2021-09,NUS-Z00,U.S.,EPG0,Natural Gas,PEX,Exports (Price),N9130US3,Price of U.S. Natural Gas Exports (Dollars per Thousand Cubic Feet),6.7,$/MCF
2021-08,NUS-Z00,U.S.,EPG0,Natural Gas,PM0,Imports Price,N9100US3,Price of U.S. Natural Gas Imports (Dollars per Thousand Cubic Feet),3.52,$/MCF
2021-08,NUS-Z00,U.S.,EPG0,Natural Gas,PEX,Exports (Price),N9130US3,Price of U.S. Natural Gas Exports (Dollars per Thousand Cubic Feet),6.06,$/MCF
2021-08,NUS-Z00,U.S.,EPG0,Natural Gas,IM0,Imports,N9100US2,U.S. Natural Gas Imports (MMcf),220959,MMCF
2021-08,NUS-Z00,U.S.,EPG0,Natural Gas,EEX,Exports,N9130US2,U.S. Natural Gas Exports (MMcf),563572,MMCF
2021-07,NUS-Z00,U.S.,EPG0,Natural Gas,IM0,Imports,N9100US2,U.S. Natural Gas Imports (MMcf),227779,MMCF
2021-07,NUS-Z00,U.S.,EPG0,Natural Gas,EEX,Exports,N9130US2,U.S. Natural Gas Exports (MMcf),566046,MMCF
2021-07,NUS-Z00,U.S.,EPG0,Natural Gas,PEX,Exports (Price),N9130US3,Price of U.S. Natural Gas Exports (Dollars per Thousand Cubic Feet),5.64,$/MCF
2021-07,NUS-Z00,U.S.,EPG0,Natural Gas,PM0,Imports Price,N9100US3,Price of U.S. Natural Gas Imports (Dollars per Thousand Cubic Feet),3.41,$/MCF
2022-05,NUS-Z00,U.S.,EPG0,Natural Gas,PM0,Imports Price,N9100US3,Price of U.S. Natural Gas Imports (Dollars per Thousand Cubic Feet),6.72,$/MCF
2022-05,NUS-Z00,U.S.,EPG0,Natural Gas,PEX,Exports (Price),N9130US3,Price of U.S. Natural Gas Exports (Dollars per Thousand Cubic Feet),10.31,$/MCF
2022-05,NUS-Z00,U.S.,EPG0,Natural Gas,IM0,Imports,N9100US2,U.S. Natural Gas Imports (MMcf),230899,MMCF
2022-05,NUS-Z00,U.S.,EPG0,Natural Gas,EEX,Exports,N9130US2,U.S. Natural Gas Exports (MMcf),616665,MMCF
2022-04,NUS-Z00,U.S.,EPG0,Natural Gas,IM0,Imports,N9100US2,U.S. Natural Gas Imports (MMcf),244998,MMCF
2022-04,NUS-Z00,U.S.,EPG0,Natural Gas,PEX,Exports (Price),N9130US3,Price of U.S. Natural Gas Exports (Dollars per Thousand Cubic Feet),8.45,$/MCF
2022-04,NUS-Z00,U.S.,EPG0,Natural Gas,PM0,Imports Price,N9100US3,Price of U.S. Natural Gas Imports (Dollars per Thousand Cubic Feet),5.49,$/MCF
2022-04,NUS-Z00,U.S.,EPG0,Natural Gas,EEX,Exports,N9130US2,U.S. Natural Gas Exports (MMcf),587385,MMCF
2022-03,NUS-Z00,U.S.,EPG0,Natural Gas,PEX,Exports (Price),N9130US3,Price of U.S. Natural Gas Exports (Dollars per Thousand Cubic Feet),7.24,$/MCF
2022-03,NUS-Z00,U.S.,EPG0,Natural Gas,IM0,Imports,N9100US2,U.S. Natural Gas Imports (MMcf),259499,MMCF
2022-03,NUS-Z00,U.S.,EPG0,Natural Gas,PM0,Imports Price,N9100US3,Price of U.S. Natural Gas Imports (Dollars per Thousand Cubic Feet),4.7,$/MCF
2022-03,NUS-Z00,U.S.,EPG0,Natural Gas,EEX,Exports,N9130US2,U.S. Natural Gas Exports (MMcf),639074,MMCF
2022-02,NUS-Z00,U.S.,EPG0,Natural Gas,IM0,Imports,N9100US2,U.S. Natural Gas Imports (MMcf),257977,MMCF
2022-02,NUS-Z00,U.S.,EPG0,Natural Gas,PEX,Exports (Price),N9130US3,Price of U.S. Natural Gas Exports (Dollars per Thousand Cubic Feet),8.22,$/MCF
2022-02,NUS-Z00,U.S.,EPG0,Natural Gas,PM0,Imports Price,N9100US3,Price of U.S. Natural Gas Imports (Dollars per Thousand Cubic Feet),5.67,$/MCF
2022-02,NUS-Z00,U.S.,EPG0,Natural Gas,EEX,Exports,N9130US2,U.S. Natural Gas Exports (MMcf),546428,MMCF
2022-01,NUS-Z00,U.S.,EPG0,Natural Gas,EEX,Exports,N9130US2,U.S. Natural Gas Exports (MMcf),610836,MMCF
2022-01,NUS-Z00,U.S.,EPG0,Natural Gas,PM0,Imports Price,N9100US3,Price of U.S. Natural Gas Imports (Dollars per Thousand Cubic Feet),6.94,$/MCF
2022-01,NUS-Z00,U.S.,EPG0,Natural Gas,IM0,Imports,N9100US2,U.S. Natural Gas Imports (MMcf),296248,MMCF
2022-01,NUS-Z00,U.S.,EPG0,Natural Gas,PEX,Exports (Price),N9130US3,Price of U.S. Natural Gas Exports (Dollars per Thousand Cubic Feet),7.04,$/MCF
2022-11,NUS-Z00,U.S.,EPG0,Natural Gas,EEX,Exports,N9130US2,U.S. Natural Gas Exports (MMcf),555018,MMCF
2022-11,NUS-Z00,U.S.,EPG0,Natural Gas,IM0,Imports,N9100US2,U.S. Natural Gas Imports (MMcf),246184,MMCF
2022-11,NUS-Z00,U.S.,EPG0,Natural Gas,PM0,Imports Price,N9100US3,Price of U.S. Natural Gas Imports (Dollars per Thousand Cubic Feet),5.8,$/MCF
2022-11,NUS-Z00,U.S.,EPG0,Natural Gas,PEX,Exports (Price),N9130US3,Price of U.S. Natural Gas Exports (Dollars per Thousand Cubic Feet),8.62,$/MCF
2022-10,NUS-Z00,U.S.,EPG0,Natural Gas,IM0,Imports,N9100US2,U.S. Natural Gas Imports (MMcf),239507,MMCF
2022-10,NUS-Z00,U.S.,EPG0,Natural Gas,PEX,Exports (Price),N9130US3,Price of U.S. Natural Gas Exports (Dollars per Thousand Cubic Feet),10.22,$/MCF
2022-10,NUS-Z00,U.S.,EPG0,Natural Gas,EEX,Exports,N9130US2,U.S. Natural Gas Exports (MMcf),554328,MMCF
2022-10,NUS-Z00,U.S.,EPG0,Natural Gas,PM0,Imports Price,N9100US3,Price of U.S. Natural Gas Imports (Dollars per Thousand Cubic Feet),4.67,$/MCF
2022-09,NUS-Z00,U.S.,EPG0,Natural Gas,PM0,Imports Price,N9100US3,Price of U.S. Natural Gas Imports (Dollars per Thousand Cubic Feet),6,$/MCF
2022-09,NUS-Z00,U.S.,EPG0,Natural Gas,IM0,Imports,N9100US2,U.S. Natural Gas Imports (MMcf),233927,MMCF
2022-09,NUS-Z00,U.S.,EPG0,Natural Gas,PEX,Exports (Price),N9130US3,Price of U.S. Natural Gas Exports (Dollars per Thousand Cubic Feet),12.79,$/MCF
2022-09,NUS-Z00,U.S.,EPG0,Natural Gas,EEX,Exports,N9130US2,U.S. Natural Gas Exports (MMcf),526465,MMCF
2022-08,NUS-Z00,U.S.,EPG0,Natural Gas,PEX,Exports (Price),N9130US3,Price of U.S. Natural Gas Exports (Dollars per Thousand Cubic Feet),12.22,$/MCF
2022-08,NUS-Z00,U.S.,EPG0,Natural Gas,IM0,Imports,N9100US2,U.S. Natural Gas Imports (MMcf),235884,MMCF
2022-08,NUS-Z00,U.S.,EPG0,Natural Gas,EEX,Exports,N9130US2,U.S. Natural Gas Exports (MMcf),558031,MMCF
2022-08,NUS-Z00,U.S.,EPG0,Natural Gas,PM0,Imports Price,N9100US3,Price of U.S. Natural Gas Imports (Dollars per Thousand Cubic Feet),6.62,$/MCF
2022-07,NUS-Z00,U.S.,EPG0,Natural Gas,EEX,Exports,N9130US2,U.S. Natural Gas Exports (MMcf),559842,MMCF
2022-07,NUS-Z00,U.S.,EPG0,Natural Gas,IM0,Imports,N9100US2,U.S. Natural Gas Imports (MMcf),257197,MMCF
2022-07,NUS-Z00,U.S.,EPG0,Natural Gas,PM0,Imports Price,N9100US3,Price of U.S. Natural Gas Imports (Dollars per Thousand Cubic Feet),6,$/MCF
2022-07,NUS-Z00,U.S.,EPG0,Natural Gas,PEX,Exports (Price),N9130US3,Price of U.S. Natural Gas Exports (Dollars per Thousand Cubic Feet),9.99,$/MCF
2023-05,NUS-Z00,U.S.,EPG0,Natural Gas,PEX,Exports (Price),N9130US3,Price of U.S. Natural Gas Exports (Dollars per Thousand Cubic Feet),5.05,$/MCF
2023-05,NUS-Z00,U.S.,EPG0,Natural Gas,EEX,Exports,N9130US2,U.S. Natural Gas Exports (MMcf),638382,MMCF
2023-05,NUS-Z00,U.S.,EPG0,Natural Gas,IM0,Imports,N9100US2,U.S. Natural Gas Imports (MMcf),216145,MMCF
2023-05,NUS-Z00,U.S.,EPG0,Natural Gas,PM0,Imports Price,N9100US3,Price of U.S. Natural Gas Imports (Dollars per Thousand Cubic Feet),2.01,$/MCF
2023-04,NUS-Z00,U.S.,EPG0,Natural Gas,EEX,Exports,N9130US2,U.S. Natural Gas Exports (MMcf),620697,MMCF
2023-04,NUS-Z00,U.S.,EPG0,Natural Gas,PM0,Imports Price,N9100US3,Price of U.S. Natural Gas Imports (Dollars per Thousand Cubic Feet),2.5,$/MCF
2023-04,NUS-Z00,U.S.,EPG0,Natural Gas,PEX,Exports (Price),N9130US3,Price of U.S. Natural Gas Exports (Dollars per Thousand Cubic Feet),4.91,$/MCF
2023-04,NUS-Z00,U.S.,EPG0,Natural Gas,IM0,Imports,N9100US2,U.S. Natural Gas Imports (MMcf),220387,MMCF
2023-03,NUS-Z00,U.S.,EPG0,Natural Gas,PM0,Imports Price,N9100US3,Price of U.S. Natural Gas Imports (Dollars per Thousand Cubic Feet),3.28,$/MCF
2023-03,NUS-Z00,U.S.,EPG0,Natural Gas,EEX,Exports,N9130US2,U.S. Natural Gas Exports (MMcf),650384,MMCF
2023-03,NUS-Z00,U.S.,EPG0,Natural Gas,IM0,Imports,N9100US2,U.S. Natural Gas Imports (MMcf),249519,MMCF
2023-03,NUS-Z00,U.S.,EPG0,Natural Gas,PEX,Exports (Price),N9130US3,Price of U.S. Natural Gas Exports (Dollars per Thousand Cubic Feet),5.55,$/MCF
2023-02,NUS-Z00,U.S.,EPG0,Natural Gas,PEX,Exports (Price),N9130US3,Price of U.S. Natural Gas Exports (Dollars per Thousand Cubic Feet),6.57,$/MCF
2023-02,NUS-Z00,U.S.,EPG0,Natural Gas,PM0,Imports Price,N9100US3,Price of U.S. Natural Gas Imports (Dollars per Thousand Cubic Feet),5.17,$/MCF
2023-02,NUS-Z00,U.S.,EPG0,Natural Gas,IM0,Imports,N9100US2,U.S. Natural Gas Imports (MMcf),243931,MMCF
2023-02,NUS-Z00,U.S.,EPG0,Natural Gas,EEX,Exports,N9130US2,U.S. Natural Gas Exports (MMcf),574773,MMCF
2023-01,NUS-Z00,U.S.,EPG0,Natural Gas,EEX,Exports,N9130US2,U.S. Natural Gas Exports (MMcf),608605,MMCF
2023-01,NUS-Z00,U.S.,EPG0,Natural Gas,PEX,Exports (Price),N9130US3,Price of U.S. Natural Gas Exports (Dollars per Thousand Cubic Feet),8.03,$/MCF
2023-01,NUS-Z00,U.S.,EPG0,Natural Gas,PM0,Imports Price,N9100US3,Price of U.S. Natural Gas Imports (Dollars per Thousand Cubic Feet),8.49,$/MCF
2023-01,NUS-Z00,U.S.,EPG0,Natural Gas,IM0,Imports,N9100US2,U.S. Natural Gas Imports (MMcf),275230,MMCF
2023-11,NUS-Z00,U.S.,EPG0,Natural Gas,PEX,Exports (Price),N9130US3,Price of U.S. Natural Gas Exports (Dollars per Thousand Cubic Feet),5.49,$/MCF
2023-11,NUS-Z00,U.S.,EPG0,Natural Gas,IM0,Imports,N9100US2,U.S. Natural Gas Imports (MMcf),251042,MMCF
2023-11,NUS-Z00,U.S.,EPG0,Natural Gas,EEX,Exports,N9130US2,U.S. Natural Gas Exports (MMcf),654230,MMCF
2023-11,NUS-Z00,U.S.,EPG0,Natural Gas,PM0,Imports Price,N9100US3,Price of U.S. Natural Gas Imports (Dollars per Thousand Cubic Feet),3.03,$/MCF
2023-10,NUS-Z00,U.S.,EPG0,Natural Gas,IM0,Imports,N9100US2,U.S. Natural Gas Imports (MMcf),230969,MMCF
2023-10,NUS-Z00,U.S.,EPG0,Natural Gas,EEX,Exports,N9130US2,U.S. Natural Gas Exports (MMcf),651805,MMCF
2023-10,NUS-Z00,U.S.,EPG0,Natural Gas,PEX,Exports (Price),N9130US3,Price of U.S. Natural Gas Exports (Dollars per Thousand Cubic Feet),5.18,$/MCF
2023-10,NUS-Z00,U.S.,EPG0,Natural Gas,PM0,Imports Price,N9100US3,Price of U.S. Natural Gas Imports (Dollars per Thousand Cubic Feet),2.36,$/MCF
2023-09,NUS-Z00,U.S.,EPG0,Natural Gas,PM0,Imports Price,N9100US3,Price of U.S. Natural Gas Imports (Dollars per Thousand Cubic Feet),2.28,$/MCF
2023-09,NUS-Z00,U.S.,EPG0,Natural Gas,IM0,Imports,N9100US2,U.S. Natural Gas Imports (MMcf),230008,MMCF
2023-09,NUS-Z00,U.S.,EPG0,Natural Gas,PEX,Exports (Price),N9130US3,Price of U.S. Natural Gas Exports (Dollars per Thousand Cubic Feet),4.72,$/MCF
2023-09,NUS-Z00,U.S.,EPG0,Natural Gas,EEX,Exports,N9130US2,U.S. Natural Gas Exports (MMcf),625625,MMCF
2023-08,NUS-Z00,U.S.,EPG0,Natural Gas,PEX,Exports (Price),N9130US3,Price of U.S. Natural Gas Exports (Dollars per Thousand Cubic Feet),4.7,$/MCF
2023-08,NUS-Z00,U.S.,EPG0,Natural Gas,PM0,Imports Price,N9100US3,Price of U.S. Natural Gas Imports (Dollars per Thousand Cubic Feet),2.52,$/MCF
2023-08,NUS-Z00,U.S.,EPG0,Natural Gas,EEX,Exports,N9130US2,U.S. Natural Gas Exports (MMcf),634499,MMCF
2023-08,NUS-Z00,U.S.,EPG0,Natural Gas,IM0,Imports,N9100US2,U.S. Natural Gas Imports (MMcf),246435,MMCF
2023-07,NUS-Z00,U.S.,EPG0,Natural Gas,EEX,Exports,N9130US2,U.S. Natural Gas Exports (MMcf),634485,MMCF
2023-07,NUS-Z00,U.S.,EPG0,Natural Gas,IM0,Imports,N9100US2,U.S. Natural Gas Imports (MMcf),256093,MMCF
2023-07,NUS-Z00,U.S.,EPG0,Natural Gas,PEX,Exports (Price),N9130US3,Price of U.S. Natural Gas Exports (Dollars per Thousand Cubic Feet),4.79,$/MCF
2023-07,NUS-Z00,U.S.,EPG0,Natural Gas,PM0,Imports Price,N9100US3,Price of U.S. Natural Gas Imports (Dollars per Thousand Cubic Feet),2.44,$/MCF
2024-05,NUS-Z00,U.S.,EPG0,Natural Gas,PM0,Imports Price,N9100US3,Price of U.S. Natural Gas Imports (Dollars per Thousand Cubic Feet),1.33,$/MCF
2024-05,NUS-Z00,U.S.,EPG0,Natural Gas,PEX,Exports (Price),N9130US3,Price of U.S. Natural Gas Exports (Dollars per Thousand Cubic Feet),3.84,$/MCF
2024-05,NUS-Z00,U.S.,EPG0,Natural Gas,EEX,Exports,N9130US2,U.S. Natural Gas Exports (MMcf),646403,MMCF
2024-05,NUS-Z00,U.S.,EPG0,Natural Gas,IM0,Imports,N9100US2,U.S. Natural Gas Imports (MMcf),238470,MMCF
2024-04,NUS-Z00,U.S.,EPG0,Natural Gas,IM0,Imports,N9100US2,U.S. Natural Gas Imports (MMcf),221912,MMCF
2024-04,NUS-Z00,U.S.,EPG0,Natural Gas,PM0,Imports Price,N9100US3,Price of U.S. Natural Gas Imports (Dollars per Thousand Cubic Feet),1.36,$/MCF
2024-04,NUS-Z00,U.S.,EPG0,Natural Gas,PEX,Exports (Price),N9130US3,Price of U.S. Natural Gas Exports (Dollars per Thousand Cubic Feet),3.46,$/MCF
2024-04,NUS-Z00,U.S.,EPG0,Natural Gas,EEX,Exports,N9130US2,U.S. Natural Gas Exports (MMcf),567223,MMCF
2024-03,NUS-Z00,U.S.,EPG0,Natural Gas,PEX,Exports (Price),N9130US3,Price of U.S. Natural Gas Exports (Dollars per Thousand Cubic Feet),3.83,$/MCF
2024-03,NUS-Z00,U.S.,EPG0,Natural Gas,IM0,Imports,N9100US2,U.S. Natural Gas Imports (MMcf),243413,MMCF
2024-03,NUS-Z00,U.S.,EPG0,Natural Gas,PM0,Imports Price,N9100US3,Price of U.S. Natural Gas Imports (Dollars per Thousand Cubic Feet),1.72,$/MCF
2024-03,NUS-Z00,U.S.,EPG0,Natural Gas,EEX,Exports,N9130US2,U.S. Natural Gas Exports (MMcf),667989,MMCF
2024-02,NUS-Z00,U.S.,EPG0,Natural Gas,PM0,Imports Price,N9100US3,Price of U.S. Natural Gas Imports (Dollars per Thousand Cubic Feet),2.44,$/MCF
2024-02,NUS-Z00,U.S.,EPG0,Natural Gas,PEX,Exports (Price),N9130US3,Price of U.S. Natural Gas Exports (Dollars per Thousand Cubic Feet),4.64,$/MCF
2024-02,NUS-Z00,U.S.,EPG0,Natural Gas,IM0,Imports,N9100US2,U.S. Natural Gas Imports (MMcf),258290,MMCF
2024-02,NUS-Z00,U.S.,EPG0,Natural Gas,EEX,Exports,N9130US2,U.S. Natural Gas Exports (MMcf),643532,MMCF
2024-01,NUS-Z00,U.S.,EPG0,Natural Gas,PM0,Imports Price,N9100US3,Price of U.S. Natural Gas Imports (Dollars per Thousand Cubic Feet),4.6,$/MCF
2024-01,NUS-Z00,U.S.,EPG0,Natural Gas,PEX,Exports (Price),N9130US3,Price of U.S. Natural Gas Exports (Dollars per Thousand Cubic Feet),5.44,$/MCF
2024-01,NUS-Z00,U.S.,EPG0,Natural Gas,EEX,Exports,N9130US2,U.S. Natural Gas Exports (MMcf),673998,MMCF
2024-01,NUS-Z00,U.S.,EPG0,Natural Gas,IM0,Imports,N9100US2,U.S. Natural Gas Imports (MMcf),322997,MMCF
2024-11,NUS-Z00,U.S.,EPG0,Natural Gas,EEX,Exports,N9130US2,U.S. Natural Gas Exports (MMcf),639807,MMCF
2024-11,NUS-Z00,U.S.,EPG0,Natural Gas,PEX,Exports (Price),N9130US3,Price of U.S. Natural Gas Exports (Dollars per Thousand Cubic Feet),4.72,$/MCF
2024-11,NUS-Z00,U.S.,EPG0,Natural Gas,IM0,Imports,N9100US2,U.S. Natural Gas Imports (MMcf),270439,MMCF
2024-11,NUS-Z00,U.S.,EPG0,Natural Gas,PM0,Imports Price,N9100US3,Price of U.S. Natural Gas Imports (Dollars per Thousand Cubic Feet),1.92,$/MCF
2024-10,NUS-Z00,U.S.,EPG0,Natural Gas,IM0,Imports,N9100US2,U.S. Natural Gas Imports (MMcf),253967,MMCF
2024-10,NUS-Z00,U.S.,EPG0,Natural Gas,PEX,Exports (Price),N9130US3,Price of U.S. Natural Gas Exports (Dollars per Thousand Cubic Feet),4.78,$/MCF
2024-10,NUS-Z00,U.S.,EPG0,Natural Gas,PM0,Imports Price,N9100US3,Price of U.S. Natural Gas Imports (Dollars per Thousand Cubic Feet),1.6,$/MCF
2024-10,NUS-Z00,U.S.,EPG0,Natural Gas,EEX,Exports,N9130US2,U.S. Natural Gas Exports (MMcf),648848,MMCF
2024-09,NUS-Z00,U.S.,EPG0,Natural Gas,EEX,Exports,N9130US2,U.S. Natural Gas Exports (MMcf),638310,MMCF
2024-09,NUS-Z00,U.S.,EPG0,Natural Gas,PEX,Exports (Price),N9130US3,Price of U.S. Natural Gas Exports (Dollars per Thousand Cubic Feet),4.16,$/MCF
2024-09,NUS-Z00,U.S.,EPG0,Natural Gas,IM0,Imports,N9100US2,U.S. Natural Gas Imports (MMcf),246564,MMCF
2024-09,NUS-Z00,U.S.,EPG0,Natural Gas,PM0,Imports Price,N9100US3,Price of U.S. Natural Gas Imports (Dollars per Thousand Cubic Feet),1.35,$/MCF
2024-08,NUS-Z00,U.S.,EPG0,Natural Gas,IM0,Imports,N9100US2,U.S. Natural Gas Imports (MMcf),260891,MMCF
2024-08,NUS-Z00,U.S.,EPG0,Natural Gas,PEX,Exports (Price),N9130US3,Price of U.S. Natural Gas Exports (Dollars per Thousand Cubic Feet),3.78,$/MCF
2024-08,NUS-Z00,U.S.,EPG0,Natural Gas,EEX,Exports,N9130US2,U.S. Natural Gas Exports (MMcf),650277,MMCF
2024-08,NUS-Z00,U.S.,EPG0,Natural Gas,PM0,Imports Price,N9100US3,Price of U.S. Natural Gas Imports (Dollars per Thousand Cubic Feet),1.29,$/MCF
2024-07,NUS-Z00,U.S.,EPG0,Natural Gas,EEX,Exports,N9130US2,U.S. Natural Gas Exports (MMcf),608126,MMCF
2024-07,NUS-Z00,U.S.,EPG0,Natural Gas,IM0,Imports,N9100US2,U.S. Natural Gas Imports (MMcf),271444,MMCF
2024-07,NUS-Z00,U.S.,EPG0,Natural Gas,PEX,Exports (Price),N9130US3,Price of U.S. Natural Gas Exports (Dollars per Thousand Cubic Feet),4.36,$/MCF
2024-07,NUS-Z00,U.S.,EPG0,Natural Gas,PM0,Imports Price,N9100US3,Price of U.S. Natural Gas Imports (Dollars per Thousand Cubic Feet),1.47,$/MCF
